voto,id_votante,id_votacao
1,0,0
1,0,1
1,0,2
1,0,3
1,0,4
0,0,5
0,0,6
0,0,7
1,0,8
1,0,9
1,0,10
0,1,11
1,1,12
1,1,13
0,1,14
1,1,15
1,1,16
0,1,17
0,1,18
1,1,19
1,1,20
1,1,21
0,1,22
0,1,23
0,1,24
0,1,25
1,1,26
1,1,27
1,1,28
1,1,29
1,1,30
1,1,31
1,1,32
1,1,33
1,1,34
1,1,35
1,1,36
0,1,37
1,2,38
0,2,39
0,2,40
1,2,41
0,2,42
0,2,43
1,2,44
0,2,45
1,2,46
1,2,47
1,2,48
1,2,49
1,2,50
1,2,51
1,2,52
0,2,53
1,2,54
1,2,55
1,2,56
1,2,57
1,2,58
1,2,59
0,2,60
1,2,61
1,2,62
0,2,63
0,2,64
0,2,65
0,2,66
1,2,67
1,2,68
1,2,69
0,2,70
1,2,71
1,2,72
0,2,73
1,2,74
1,2,75
1,2,76
1,2,77
0,2,78
0,2,79
1,2,80
0,2,81
0,2,82
0,2,83
1,2,84
1,2,85
1,2,86
1,2,87
0,2,88
1,2,89
1,2,90
0,2,91
1,2,92
0,2,93
1,2,94
0,2,95
1,2,96
1,2,97
1,2,98
1,2,99
1,2,100
1,2,101
0,2,102
1,2,103
1,2,104
1,2,105
1,2,106
1,2,107
1,2,108
1,2,109
1,2,110
1,2,111
0,2,112
0,2,113
1,2,114
1,2,115
1,2,116
1,2,117
1,2,118
1,2,119
1,2,120
1,2,121
1,2,122
1,2,123
1,2,124
1,2,125
1,2,126
1,2,127
1,2,128
1,2,129
1,2,130
1,2,131
1,2,132
0,2,133
0,2,134
1,2,135
0,2,136
1,2,137
1,2,138
1,2,139
1,2,140
1,2,141
1,2,142
1,2,143
1,2,144
1,2,145
1,2,146
0,2,147
1,2,148
1,2,149
1,2,150
1,2,151
1,2,152
1,2,153
0,2,154
0,2,155
1,2,156
1,2,157
1,2,158
1,2,159
1,2,160
1,2,161
0,2,162
1,2,163
1,2,164
1,2,165
1,2,166
1,2,167
0,2,168
1,2,169
0,2,170
1,2,171
0,2,172
1,2,173
1,2,174
1,2,175
1,2,176
1,2,177
1,2,178
0,2,179
1,2,180
1,2,181
1,2,182
1,2,183
0,2,184
0,2,185
1,2,186
0,2,187
0,2,188
0,2,189
1,2,190
0,2,191
0,2,192
1,2,193
1,2,194
1,2,195
0,2,196
1,2,197
1,2,198
1,2,199
1,2,200
1,2,201
0,2,202
1,2,203
1,2,204
1,2,205
0,2,206
1,2,207
0,2,208
0,2,209
0,2,210
1,2,211
1,2,212
1,2,213
1,2,214
1,2,215
1,2,216
1,2,217
0,2,218
1,2,219
1,2,16
1,2,220
1,2,221
0,2,222
1,2,223
1,2,224
1,2,225
1,2,226
1,2,227
1,2,228
1,2,229
0,2,230
0,2,231
1,2,232
1,2,233
1,2,234
1,2,235
1,2,236
0,2,237
0,2,238
1,2,239
0,2,240
1,2,241
1,2,242
1,2,243
1,2,244
1,2,245
1,2,246
1,2,247
1,2,248
0,2,249
1,2,250
1,2,251
1,2,252
1,2,253
0,2,254
1,2,255
1,2,256
1,2,257
1,2,258
0,2,259
0,2,260
0,2,261
1,2,262
1,2,263
0,2,264
1,2,265
1,2,266
1,2,267
1,2,268
1,2,269
0,2,270
1,2,22
1,2,271
1,2,272
1,2,273
1,2,274
1,2,275
1,2,276
1,2,277
1,2,278
1,2,279
1,2,280
1,2,281
1,2,282
1,2,283
0,2,284
1,2,285
1,2,286
1,2,287
0,2,288
0,2,289
0,2,290
0,2,291
1,2,292
1,2,293
1,2,294
1,2,295
0,2,296
1,2,297
0,2,298
0,2,299
1,2,300
1,2,301
1,3,1
1,3,2
1,3,302
1,3,4
1,4,303
0,4,0
0,4,304
1,4,305
0,4,3
0,4,306
1,4,307
1,4,308
1,4,309
0,4,310
1,4,311
1,4,312
1,4,313
1,4,314
0,4,315
1,4,5
1,4,316
1,4,317
1,4,318
1,4,319
1,4,320
1,4,321
0,4,322
1,4,323
1,4,324
0,4,325
0,4,326
1,4,327
1,4,328
1,4,329
1,4,330
1,4,331
1,4,40
0,4,332
1,4,333
1,4,334
0,4,335
1,4,336
1,4,337
1,4,338
1,4,339
1,4,340
1,4,341
1,4,342
0,4,343
0,4,344
0,4,7
0,4,8
0,4,9
0,4,345
0,4,10
1,4,45
0,4,346
1,4,347
0,4,348
1,4,349
0,4,350
1,4,351
0,4,352
1,4,353
1,4,354
1,4,355
1,4,356
0,4,357
0,4,358
0,4,359
1,4,49
0,4,360
1,4,361
1,4,362
1,4,363
1,4,364
0,4,365
1,4,366
1,4,367
0,4,368
1,4,369
0,4,370
1,4,371
1,4,372
0,4,373
0,4,374
1,4,375
0,4,376
1,4,377
0,4,378
1,4,379
0,4,380
1,4,381
1,4,382
0,4,383
0,4,384
0,4,385
1,4,386
1,4,387
1,4,388
0,4,389
1,4,390
1,4,391
1,4,392
1,4,393
0,4,394
0,4,395
0,4,396
0,4,397
1,4,398
1,4,399
0,4,400
1,4,401
0,4,402
1,4,403
1,4,404
1,4,405
0,4,406
1,4,407
0,4,408
1,4,409
0,4,410
1,4,411
1,4,412
1,4,60
1,4,413
1,4,414
1,4,415
0,4,416
1,4,417
1,4,418
1,4,419
1,4,420
0,4,421
1,4,422
1,4,423
1,4,424
1,4,425
1,4,426
1,4,427
0,4,64
1,4,428
1,4,65
1,4,429
1,4,66
1,4,430
1,4,431
1,4,67
0,4,432
1,4,433
1,4,434
1,4,68
0,4,435
0,4,436
1,4,69
1,4,437
1,4,438
0,4,439
0,4,440
0,4,441
1,4,442
1,4,71
1,4,72
0,4,74
1,4,443
1,4,444
1,4,76
1,4,445
0,4,77
1,4,78
1,4,446
1,4,80
1,4,447
0,4,448
1,4,449
1,4,450
1,4,451
1,4,452
1,4,453
1,4,454
0,4,455
1,4,456
1,4,457
0,4,458
1,4,459
1,4,460
1,4,461
0,4,462
1,4,463
0,4,464
1,4,465
1,4,466
1,4,467
1,4,468
0,4,469
0,4,470
0,4,471
1,4,89
1,4,472
1,4,473
1,4,474
0,4,90
1,4,475
1,4,476
1,4,93
1,4,95
1,4,477
1,4,478
1,4,479
0,4,480
1,4,481
1,4,482
1,4,99
1,4,483
1,4,484
1,4,105
0,4,485
1,4,486
1,4,487
1,4,488
1,4,489
1,4,490
0,4,108
0,4,491
1,4,492
1,4,493
1,4,111
1,4,494
1,4,113
1,4,120
1,4,495
1,4,122
1,4,123
1,4,496
0,4,497
1,4,130
0,4,498
0,4,131
0,4,133
0,4,134
1,4,135
1,4,136
1,4,499
1,4,500
1,4,501
1,4,137
0,4,138
1,4,502
1,4,503
1,4,143
1,4,504
1,4,505
1,4,506
1,4,507
1,4,145
1,4,146
1,4,148
1,4,150
1,4,151
1,4,153
1,4,508
1,4,162
1,4,164
1,4,165
1,4,166
1,4,167
0,4,168
1,4,169
1,4,171
0,4,172
1,4,178
0,4,184
1,4,188
1,4,191
1,4,195
1,4,198
1,4,201
0,4,203
1,4,205
1,4,206
0,4,208
0,4,209
1,4,214
1,4,216
1,4,219
1,4,221
1,4,222
0,4,223
1,4,229
0,4,230
1,4,240
1,5,38
1,5,509
1,5,39
0,5,41
1,5,42
1,5,43
0,5,44
1,5,510
1,5,46
1,5,11
0,5,47
1,5,511
1,5,48
1,5,49
1,5,51
0,5,12
1,5,13
1,5,53
1,5,54
1,5,55
1,5,56
1,5,14
1,5,512
1,5,58
1,5,61
1,5,65
1,5,513
1,5,514
1,5,515
1,5,74
1,5,75
1,5,79
1,5,81
1,5,84
1,5,86
1,5,516
1,5,88
1,5,90
1,5,91
1,5,94
1,5,96
0,5,517
0,5,518
1,5,97
1,5,519
1,5,520
1,5,102
1,5,103
1,5,104
1,5,521
0,5,522
1,5,106
1,5,107
1,5,523
1,5,108
1,5,109
1,5,110
1,5,113
1,5,114
1,5,116
1,5,117
0,5,118
1,5,524
1,5,119
1,5,124
1,5,125
1,5,127
1,5,128
1,5,525
1,5,129
1,5,526
1,5,136
0,5,527
1,5,140
1,5,528
1,5,141
1,5,142
1,5,529
1,5,144
1,5,147
1,5,149
1,5,152
1,5,530
0,5,156
1,5,157
0,5,508
1,5,159
0,5,531
0,5,160
1,5,161
1,5,162
1,5,163
0,5,170
1,5,172
0,5,173
1,5,174
1,5,175
1,5,176
1,5,177
1,5,180
1,5,181
1,5,182
1,5,183
1,5,185
1,5,186
1,5,187
1,5,189
1,5,190
1,5,532
1,5,192
1,5,194
0,5,533
1,5,534
1,5,197
1,5,199
1,5,200
0,5,535
1,5,202
1,5,203
1,5,204
1,5,536
1,5,207
1,5,210
1,5,211
1,5,537
1,5,212
1,5,213
1,5,538
1,5,539
1,5,218
1,5,15
1,5,16
1,5,224
1,5,226
1,5,17
1,5,228
1,5,231
1,5,232
1,5,233
1,5,18
1,5,540
1,5,234
1,5,235
1,5,236
1,5,541
1,5,238
1,5,239
1,5,241
1,5,542
1,5,19
1,5,543
1,5,544
1,5,242
1,5,545
1,5,20
1,5,243
1,5,244
1,5,546
1,5,245
1,5,547
0,5,21
1,5,246
1,5,248
1,5,249
1,5,548
0,5,250
1,5,549
1,5,251
1,5,252
1,5,253
0,5,254
1,5,255
1,5,550
1,5,256
1,5,551
1,5,552
1,5,553
1,5,257
1,5,258
1,5,554
0,5,259
1,5,555
1,5,260
1,5,261
1,5,262
1,5,263
1,5,264
1,5,265
1,5,266
1,5,267
0,5,268
1,5,556
1,5,269
1,5,270
1,5,22
1,5,557
1,5,271
1,5,272
1,5,273
1,5,558
1,5,23
1,5,274
1,5,559
1,5,275
1,5,276
0,5,24
1,5,278
1,5,560
1,5,279
1,5,561
1,5,280
1,5,281
0,5,282
0,5,562
1,5,25
1,5,283
1,5,563
1,5,284
1,5,564
1,5,565
1,5,566
1,5,285
1,5,286
1,5,26
1,5,287
1,5,288
1,5,289
1,5,290
1,5,291
1,5,292
1,5,567
1,5,293
1,5,294
1,5,295
1,5,296
0,5,297
1,5,568
1,5,27
1,5,298
1,5,569
1,5,299
1,5,300
1,5,570
1,5,571
1,5,572
1,5,573
1,5,574
1,5,575
1,5,28
1,5,576
1,5,577
1,5,578
1,5,579
1,5,29
1,5,30
1,5,580
1,5,581
0,5,301
1,5,31
1,5,32
1,5,582
1,5,583
1,5,584
1,5,585
1,5,586
1,5,587
1,5,588
1,5,589
1,5,590
1,5,591
1,5,592
1,5,593
1,5,594
1,5,595
1,5,596
1,5,33
1,5,34
1,5,597
1,5,598
1,5,599
1,5,600
1,5,601
1,5,602
1,5,603
0,5,604
1,5,605
1,5,606
0,5,607
1,5,608
1,5,609
1,5,610
1,5,611
1,5,612
1,5,613
1,5,614
1,5,615
1,5,616
1,5,35
1,5,36
1,5,617
1,5,37
1,6,303
1,6,0
1,6,1
1,6,2
1,6,3
0,6,302
1,6,4
0,6,308
0,6,309
1,6,314
0,6,5
0,6,319
1,6,618
0,6,324
0,6,6
1,6,333
0,6,334
0,6,335
1,6,339
0,6,340
1,6,7
0,6,8
1,6,9
0,6,10
1,6,350
1,6,359
1,6,366
1,6,619
1,7,303
1,7,0
1,7,304
1,7,305
1,7,1
1,7,2
1,7,3
0,7,302
1,7,306
0,7,4
1,7,620
1,7,307
1,7,308
1,7,309
1,7,311
1,7,312
1,7,313
1,7,38
1,7,314
1,7,315
1,7,5
1,7,316
1,7,317
1,7,318
1,7,319
1,7,321
1,7,618
0,7,322
1,7,323
1,7,324
1,7,621
1,7,326
1,7,327
1,7,509
1,7,328
1,7,622
1,7,329
1,7,330
1,7,331
1,7,40
1,7,623
1,7,333
1,7,624
1,7,334
1,7,41
1,7,335
1,7,625
1,7,337
1,7,338
1,7,339
1,7,340
1,7,341
1,7,342
1,7,343
1,7,626
1,7,43
1,7,344
0,7,7
1,7,8
1,7,627
1,7,44
0,7,9
0,7,10
1,7,45
1,7,346
1,7,348
1,7,46
1,7,349
1,7,350
1,7,628
1,7,351
1,7,352
0,7,47
1,7,355
1,7,356
1,7,357
1,7,358
1,7,511
1,7,48
1,7,359
1,7,49
1,7,360
1,7,361
1,7,362
1,7,363
1,7,365
1,7,366
1,7,619
1,7,367
0,7,629
1,7,368
0,7,51
1,7,369
1,7,370
1,7,373
1,7,374
1,7,375
1,7,377
1,7,379
1,7,381
1,7,382
1,7,383
1,7,384
1,7,385
0,7,12
1,7,388
1,7,389
1,7,390
1,7,630
0,7,393
1,7,394
1,7,395
1,7,396
1,7,397
1,7,54
1,7,398
0,7,631
1,7,399
1,7,400
1,7,632
1,7,401
1,7,402
1,7,633
1,7,512
1,7,403
1,7,404
1,7,405
1,7,406
0,7,407
1,7,411
1,7,634
0,7,60
1,7,635
1,7,636
1,7,637
1,7,638
1,7,639
1,7,640
1,7,641
1,7,642
1,7,643
1,7,644
1,7,645
1,7,646
1,7,647
1,7,648
1,7,649
1,7,650
1,7,651
1,7,652
1,7,653
1,7,654
1,7,413
1,7,414
1,7,415
1,7,61
0,7,416
1,7,417
1,7,418
1,7,419
1,7,655
1,7,420
1,7,62
1,7,656
1,7,657
0,7,63
0,7,421
1,7,423
1,7,658
1,7,425
1,7,426
1,7,427
1,7,64
1,7,428
1,7,65
1,7,429
1,7,66
1,7,513
1,7,67
1,7,433
1,7,434
1,7,68
1,7,435
1,7,436
1,7,69
1,7,514
1,7,659
1,7,437
1,7,438
1,7,440
1,7,441
1,7,660
1,7,442
1,7,661
1,7,515
1,7,71
1,7,72
1,7,73
1,7,74
1,7,443
1,7,75
1,7,444
1,7,76
1,7,77
1,7,78
0,7,79
1,7,446
1,7,80
0,7,447
1,7,448
1,7,450
1,7,451
1,7,452
0,7,454
0,7,81
1,7,82
1,7,457
1,7,458
1,7,460
1,7,462
1,7,85
1,7,87
1,7,465
0,7,466
1,7,662
1,7,663
1,7,516
1,7,664
1,7,665
0,7,469
1,7,470
1,7,666
0,7,667
1,7,471
1,7,472
1,7,668
1,7,473
1,7,669
1,7,474
1,7,90
1,7,91
1,7,475
1,7,92
1,7,476
1,7,93
1,7,95
1,7,517
1,7,477
1,7,518
1,7,479
1,7,97
1,7,481
1,7,670
1,7,520
0,7,102
1,7,103
0,7,104
1,7,521
1,7,105
1,7,522
1,7,106
1,7,486
1,7,488
1,7,671
1,7,489
1,7,672
1,7,673
1,7,674
1,7,490
1,7,108
1,7,491
1,7,109
1,7,492
1,7,493
1,7,111
1,7,112
0,7,675
0,7,676
1,7,114
1,7,115
0,7,677
1,7,116
1,7,117
1,7,118
1,7,524
1,7,119
1,7,120
1,7,121
0,7,122
1,7,123
1,7,124
1,7,125
1,7,126
1,7,525
1,7,129
1,7,526
1,7,497
1,7,130
1,7,498
0,7,131
0,7,132
1,7,133
1,7,134
1,7,136
1,7,527
1,7,499
1,7,500
1,7,501
1,7,138
1,7,139
0,7,678
0,7,141
1,7,502
0,7,142
1,7,529
1,7,504
1,7,505
1,7,507
1,7,145
1,7,679
1,7,146
1,7,148
1,7,149
1,7,151
1,7,152
0,7,530
1,7,153
1,7,155
1,7,156
1,7,157
1,7,158
0,7,508
1,7,159
0,7,531
1,7,160
1,7,161
1,7,162
0,7,163
1,7,164
1,7,166
0,7,167
0,7,168
1,7,169
0,7,170
1,7,171
0,7,172
1,7,173
1,7,174
1,7,175
1,7,176
1,7,177
1,7,178
0,7,179
0,7,180
1,7,181
1,7,182
1,7,183
1,7,184
1,7,185
1,7,186
0,7,187
0,7,188
1,7,190
1,7,532
0,7,191
1,7,680
0,7,192
1,7,193
1,7,194
1,7,195
0,7,196
1,7,534
1,7,197
1,7,199
1,7,535
0,7,201
1,7,207
0,7,208
0,7,209
0,7,210
1,7,211
1,7,537
1,7,213
1,7,214
1,7,538
1,7,216
1,7,217
1,7,539
1,7,218
1,7,219
1,7,15
1,7,16
0,7,220
1,7,221
1,7,223
1,7,224
1,7,226
1,7,17
1,7,228
1,7,230
1,7,231
1,7,233
1,7,18
1,7,540
1,7,234
1,7,235
1,7,236
1,7,681
0,7,237
1,7,238
1,7,239
1,7,240
1,7,241
1,7,542
1,7,682
1,7,543
1,7,544
1,7,242
1,7,243
1,7,546
1,7,245
1,7,547
1,7,21
1,7,246
1,7,247
1,7,248
1,7,249
1,7,548
0,7,250
1,7,251
0,7,683
1,7,253
1,7,254
1,7,550
1,7,256
1,7,551
1,7,257
1,7,258
1,7,554
1,7,555
1,7,260
1,7,261
1,7,262
1,7,263
1,7,264
1,7,265
1,7,266
1,7,267
1,7,268
1,7,556
1,7,270
1,7,22
1,7,557
1,7,271
1,7,272
1,7,273
1,7,558
1,7,274
1,7,559
1,7,275
1,7,276
1,7,277
0,7,24
1,7,278
1,7,560
1,7,279
1,7,561
1,7,280
1,7,282
1,7,562
1,7,684
1,7,25
1,7,283
1,7,564
1,7,565
1,7,566
1,7,285
1,7,286
1,7,26
1,7,288
1,7,291
0,7,292
1,7,293
1,7,294
1,7,295
1,7,297
1,7,568
0,7,27
1,7,298
1,7,569
1,7,299
0,7,300
1,7,571
1,7,572
1,7,573
1,7,574
0,7,575
1,7,28
1,7,577
1,7,578
1,7,685
0,7,29
1,7,30
1,7,580
1,7,581
1,7,301
0,7,31
0,7,32
1,7,582
1,7,583
1,7,584
1,7,587
1,7,588
1,7,589
1,7,590
1,7,591
1,7,592
1,7,593
1,7,594
1,7,595
1,7,596
1,7,33
1,7,34
0,7,599
1,7,600
1,7,601
1,7,602
1,7,686
1,7,605
1,7,609
1,7,610
0,7,612
0,7,613
0,7,614
0,7,615
0,7,616
0,7,35
0,7,36
0,7,617
1,7,37
1,8,38
0,8,315
1,8,39
1,8,40
1,8,623
1,8,41
1,8,42
1,8,44
1,8,45
1,8,47
1,8,48
1,8,49
1,8,50
1,8,51
1,8,52
1,8,53
1,8,55
1,8,56
1,8,57
0,8,58
1,8,59
1,8,60
1,8,415
1,8,61
1,8,62
0,8,63
1,8,64
0,8,65
0,8,66
1,8,67
1,8,68
1,8,69
1,8,70
1,8,71
1,8,72
1,8,73
1,8,74
1,8,75
1,8,76
1,8,78
1,8,79
0,8,80
1,8,81
1,8,82
0,8,83
1,8,84
1,8,85
1,8,86
1,8,87
1,8,687
1,8,88
0,8,89
0,8,92
1,8,93
1,8,94
1,8,95
1,8,96
1,8,97
1,8,98
1,8,99
1,8,100
1,8,101
1,8,102
1,8,103
1,8,104
1,8,106
1,8,487
0,8,671
0,8,672
1,8,107
0,8,673
0,8,674
1,8,108
1,8,110
1,8,111
1,8,112
1,8,113
1,8,114
1,8,117
0,8,118
1,8,119
1,8,120
1,8,121
1,8,122
1,8,123
1,8,124
1,8,125
1,8,126
1,8,127
1,8,128
1,8,525
1,8,129
1,8,526
1,8,130
0,8,131
1,8,132
1,8,133
1,8,134
1,8,135
1,8,136
1,8,137
1,8,138
1,8,140
1,8,141
1,8,502
1,8,142
1,8,143
1,8,144
1,8,145
1,8,679
1,8,146
1,8,147
1,8,148
1,8,149
1,8,150
1,8,151
1,8,152
1,8,153
1,8,154
1,8,155
1,8,156
1,8,157
0,8,158
1,8,159
1,8,160
1,8,161
1,8,162
1,8,164
1,8,165
1,8,166
1,8,167
1,8,169
0,8,170
1,8,171
1,8,172
1,8,173
1,8,174
1,8,175
1,8,176
1,8,177
1,8,178
1,8,179
0,8,180
1,8,181
1,8,182
1,8,183
1,8,184
1,8,185
1,8,186
1,8,187
1,8,188
1,8,189
1,8,190
1,8,191
1,8,680
1,8,192
1,8,193
1,8,194
1,8,196
1,8,197
1,8,198
1,8,199
1,8,200
1,8,201
1,8,202
1,8,203
1,8,204
1,8,205
1,8,206
1,8,207
1,8,208
1,8,209
1,8,210
1,8,211
1,8,537
1,8,212
1,8,213
1,8,214
1,8,215
1,8,216
0,8,217
1,8,218
1,8,219
1,8,220
1,8,221
1,8,222
1,8,223
1,8,225
1,8,226
1,8,227
1,8,228
1,8,229
1,8,230
1,8,231
0,8,232
1,8,233
0,8,540
1,8,234
0,8,235
0,8,236
1,8,681
1,8,238
1,8,239
0,8,240
1,8,241
1,8,682
1,8,544
1,8,242
1,8,545
1,8,243
1,8,244
1,8,245
1,8,547
1,8,246
1,8,247
1,8,248
1,8,249
1,8,250
1,8,251
1,8,252
1,8,253
1,8,254
1,8,255
1,8,550
1,8,256
1,8,258
1,8,554
1,8,259
1,8,260
1,8,261
1,8,262
1,8,263
1,8,264
1,8,265
1,8,266
1,8,267
0,8,268
1,8,556
1,8,269
1,8,270
1,8,271
1,8,272
1,8,273
1,8,274
1,8,275
1,8,276
1,8,277
1,8,278
1,8,279
0,8,280
1,8,281
0,8,282
1,8,283
1,8,284
1,8,285
1,8,287
1,8,289
1,8,290
1,8,292
0,8,293
1,8,295
1,8,296
0,8,297
1,8,568
1,8,298
0,8,299
0,8,300
0,8,301
1,9,509
1,9,39
0,9,41
1,9,42
0,9,43
1,9,44
1,9,510
1,9,46
1,9,511
0,9,12
1,9,13
1,9,55
1,9,56
1,9,58
1,9,513
1,9,514
1,9,515
1,9,79
1,9,516
1,9,90
1,9,94
1,9,96
0,9,517
0,9,518
1,9,519
1,9,520
1,9,102
1,9,104
1,9,521
1,9,688
0,9,522
1,9,523
1,9,675
1,9,676
1,9,677
1,9,116
1,9,117
1,9,524
1,9,119
1,9,121
1,9,124
1,9,128
1,9,525
1,9,129
1,9,526
1,9,136
0,9,527
1,9,528
1,9,529
1,9,144
0,9,152
1,9,530
1,9,508
1,9,531
1,9,163
0,9,182
1,9,532
1,9,192
1,9,533
1,9,535
1,9,203
1,9,204
1,9,537
1,9,212
0,9,538
1,9,215
1,9,218
1,9,15
1,9,16
1,9,225
1,9,232
1,9,233
1,9,540
1,9,542
1,9,19
1,9,543
1,9,20
1,9,546
1,9,21
1,9,548
1,9,549
1,9,683
1,9,550
1,9,256
1,9,551
1,9,552
1,9,553
1,9,554
1,9,555
1,9,265
1,9,22
1,9,558
1,9,23
0,9,559
1,9,277
1,9,561
1,9,280
1,9,281
1,9,684
1,9,283
1,9,563
1,9,284
1,9,564
1,9,565
1,9,566
1,9,285
0,9,286
0,9,26
1,9,287
1,9,288
1,9,289
1,9,290
0,9,291
1,9,292
0,9,567
1,9,293
0,9,294
1,9,295
1,9,296
1,9,297
1,9,568
1,9,27
1,9,298
1,9,569
1,9,299
0,9,300
1,9,570
1,9,571
1,9,572
1,9,573
1,9,574
1,9,575
0,9,28
1,9,576
1,9,577
1,9,578
1,9,685
1,9,579
0,9,30
1,9,580
1,9,581
1,9,301
1,9,582
1,9,583
1,9,584
1,9,585
1,9,586
1,9,587
0,9,588
0,9,589
0,9,590
1,9,591
1,9,592
0,9,593
0,9,595
0,9,596
1,9,34
1,9,597
1,9,598
1,9,599
0,9,600
0,9,601
1,9,603
1,9,604
1,9,605
1,9,606
1,9,607
0,9,608
1,9,609
1,9,610
1,9,611
1,9,612
1,9,613
1,9,614
1,9,615
1,9,616
1,9,35
0,9,36
1,9,617
1,10,509
0,10,11
0,10,12
1,10,13
0,10,14
1,10,513
1,10,517
1,10,518
1,10,522
1,10,523
1,10,675
1,10,676
1,10,677
0,10,116
1,10,524
1,10,527
1,10,528
1,10,529
1,10,530
0,10,531
1,10,163
0,10,533
1,10,15
1,10,16
1,10,17
1,10,18
1,10,19
1,10,20
1,10,21
1,10,549
1,10,683
1,10,551
1,10,552
1,10,553
0,10,555
1,10,22
1,10,23
1,10,559
0,10,24
0,10,684
1,10,25
1,10,26
0,10,567
1,10,27
1,10,28
0,10,576
1,10,577
1,10,579
1,10,29
1,10,30
1,10,31
1,10,32
1,10,583
0,10,584
0,10,585
0,10,593
1,10,594
1,10,33
1,10,34
1,10,597
1,10,598
0,10,599
1,10,600
0,10,602
1,10,686
0,10,605
1,10,606
0,10,607
1,10,608
0,10,609
0,10,610
1,10,611
0,10,612
1,10,613
1,10,614
0,10,615
0,10,616
0,10,35
1,10,36
0,10,617
1,10,37
1,11,310
1,11,38
1,11,315
1,11,40
1,11,623
1,11,41
1,11,625
1,11,42
1,11,43
1,11,627
1,11,45
1,11,347
1,11,348
1,11,46
1,11,353
1,11,689
1,11,49
1,11,50
1,11,51
1,11,375
1,11,55
1,11,57
1,11,58
1,11,59
1,11,409
1,11,60
1,11,415
1,11,417
1,11,62
1,11,63
1,11,658
1,11,64
1,11,65
1,11,66
1,11,69
1,11,70
1,11,73
1,11,74
1,11,75
1,11,76
1,11,77
0,11,78
1,11,79
1,11,80
1,11,448
1,11,451
1,11,452
1,11,455
1,11,81
1,11,82
1,11,458
1,11,459
1,11,83
1,11,85
1,11,86
1,11,87
1,11,687
1,11,469
1,11,471
1,11,668
1,11,90
1,11,475
1,11,92
1,11,93
1,11,95
1,11,690
1,11,477
1,11,99
0,11,102
0,11,104
1,11,105
0,11,485
1,11,106
1,11,486
1,11,487
1,11,488
1,11,671
1,11,489
1,11,672
1,11,107
1,11,673
1,11,674
1,11,490
0,11,108
1,11,491
1,11,691
1,11,493
1,11,110
1,11,111
1,11,112
1,11,494
1,11,113
1,11,114
1,11,115
1,11,118
1,11,495
1,11,121
1,11,122
1,11,123
1,11,496
1,11,126
1,11,127
1,11,128
1,11,129
0,11,130
0,11,498
1,11,131
1,11,132
1,11,133
1,11,134
1,11,135
1,11,136
1,11,499
1,11,500
1,11,501
1,11,137
1,11,138
1,11,139
1,11,140
0,11,141
0,11,502
1,11,142
1,11,503
1,11,143
1,11,504
1,11,505
1,11,506
1,11,507
1,11,145
0,11,679
0,11,146
1,11,147
1,11,149
1,11,150
1,11,151
0,11,153
1,11,154
1,11,155
1,11,156
1,11,157
1,11,158
1,11,160
1,11,164
0,11,165
1,11,167
1,11,168
1,11,169
1,11,170
1,11,171
1,11,172
1,11,173
1,11,174
1,11,176
1,11,177
1,11,178
1,11,179
1,11,180
1,11,181
1,11,183
1,11,184
1,11,185
1,11,187
0,11,188
1,11,189
0,11,191
1,11,680
1,11,193
1,11,194
1,11,195
1,11,196
1,11,198
1,11,199
1,11,201
1,11,202
1,11,203
1,11,205
1,11,206
1,11,208
1,11,209
1,11,210
1,11,211
1,11,212
1,11,213
1,11,215
1,11,216
0,11,217
1,11,219
1,11,220
1,11,221
1,11,222
0,11,223
1,11,225
1,11,228
1,11,229
1,11,230
1,11,231
1,11,233
1,11,234
1,11,235
1,11,236
1,11,681
1,11,541
0,11,237
1,11,238
1,11,240
1,11,241
1,11,682
1,11,544
1,11,242
1,11,545
1,11,243
1,11,244
1,11,245
1,11,246
1,11,247
1,11,248
1,11,249
1,11,250
1,11,251
1,11,252
1,11,253
0,11,254
1,11,256
1,11,257
1,11,258
1,11,259
1,11,260
1,11,262
1,11,263
1,11,264
1,11,266
1,11,267
1,11,268
1,11,269
1,11,270
1,11,271
1,11,272
1,11,273
1,11,274
1,11,276
1,11,277
1,11,279
1,11,280
0,11,282
1,11,562
1,11,285
1,11,287
1,11,289
1,11,290
1,11,295
1,11,568
1,12,39
1,12,40
1,12,623
1,12,42
1,12,43
1,12,46
1,12,47
1,12,48
1,12,50
1,12,52
1,12,53
1,12,54
1,12,56
1,12,59
1,12,60
0,12,415
1,12,61
1,12,62
0,12,63
1,12,64
1,12,66
1,12,67
1,12,68
1,12,71
1,12,72
1,12,74
1,12,80
1,12,81
1,12,84
1,12,85
0,12,86
1,12,87
1,12,687
1,12,90
1,12,92
1,12,93
1,12,94
1,12,479
1,12,97
1,12,98
1,12,99
1,12,100
1,12,101
1,12,103
1,12,106
1,12,671
0,12,672
1,12,107
0,12,673
0,12,674
0,12,108
1,12,109
1,12,110
1,12,111
1,12,114
0,12,118
1,12,120
1,12,121
1,12,122
1,12,123
1,12,125
1,12,126
1,12,127
1,12,129
1,12,132
0,12,133
1,12,134
1,12,135
1,12,136
1,12,138
1,12,141
0,12,502
1,12,142
1,12,144
1,12,145
0,12,679
0,12,146
1,12,147
1,12,151
0,12,152
0,12,153
1,12,156
1,12,158
1,12,508
1,12,159
0,12,160
0,12,161
1,12,162
1,12,164
1,12,166
0,12,168
1,12,169
1,12,172
1,12,173
1,12,174
1,12,175
1,12,177
0,12,178
0,12,179
1,12,180
1,12,183
1,12,184
1,12,185
0,12,186
1,12,188
1,12,189
0,12,190
1,12,191
1,12,680
1,12,193
1,12,194
0,12,195
1,12,196
1,12,197
1,12,198
1,12,199
1,12,200
1,12,204
1,12,205
1,12,206
1,12,207
1,12,208
1,12,209
1,12,211
1,12,213
1,12,214
1,12,216
1,12,217
1,12,219
0,12,15
1,12,220
1,12,221
1,12,222
1,12,223
1,12,224
1,12,226
1,12,227
1,12,228
1,12,229
1,12,230
0,12,231
1,12,234
1,12,235
0,12,236
1,12,681
1,12,541
0,12,237
1,12,238
1,12,240
0,12,682
1,12,242
1,12,243
1,12,245
1,12,246
1,12,247
1,12,248
1,12,249
1,12,251
1,12,254
0,12,255
1,12,256
1,12,258
1,12,554
0,12,259
0,12,262
1,12,266
1,12,267
0,12,269
1,12,270
0,12,272
1,12,273
1,12,274
1,12,277
0,12,279
1,13,304
1,13,1
1,13,2
1,13,4
1,13,307
1,13,311
1,13,313
1,13,692
0,13,618
0,13,322
1,13,323
1,13,326
0,13,328
1,13,622
1,13,624
1,13,337
1,13,343
1,13,626
0,13,344
1,13,349
1,13,351
0,13,352
1,13,355
1,13,358
1,13,360
1,13,365
1,13,629
1,13,368
0,13,369
1,13,370
1,13,377
1,13,378
1,13,379
1,13,381
1,13,385
1,13,388
1,13,389
1,13,630
0,13,393
1,13,394
1,13,395
1,13,396
1,13,397
1,13,399
0,13,400
1,13,402
1,13,633
1,13,403
1,13,406
1,13,407
0,13,408
0,13,410
1,13,411
0,13,416
1,13,418
1,13,420
1,13,657
1,13,424
0,13,425
1,13,433
1,13,435
1,13,436
1,13,440
1,13,661
1,14,310
1,14,38
1,14,315
1,14,509
1,14,39
1,14,623
1,14,41
1,14,336
1,14,42
1,14,43
1,14,627
1,14,44
1,14,45
1,14,347
1,14,348
1,14,510
1,14,46
1,14,11
1,14,353
1,14,47
1,14,48
1,14,49
1,14,50
1,14,51
1,14,52
1,14,12
1,14,391
1,14,13
1,14,53
1,14,631
1,14,55
1,14,56
1,14,57
1,14,14
1,14,512
1,14,59
1,14,409
1,14,417
1,14,62
1,14,63
1,14,658
1,14,64
0,14,65
1,14,66
1,14,67
1,14,68
1,14,69
1,14,514
1,14,70
1,14,71
1,14,72
1,14,73
1,14,74
1,14,75
1,14,76
1,14,77
1,14,78
1,14,79
1,14,80
1,14,452
1,14,455
1,14,81
1,14,82
1,14,459
1,14,83
1,14,84
1,14,85
1,14,86
1,14,87
1,14,663
1,14,516
1,14,664
1,14,665
1,14,88
0,14,89
1,14,668
1,14,669
1,14,90
1,14,91
1,14,475
1,14,92
1,14,93
1,14,94
1,14,95
1,14,96
1,14,479
1,14,97
1,14,98
1,14,519
1,14,99
1,14,100
1,14,101
1,14,103
1,14,521
0,14,688
1,14,106
1,14,487
1,14,488
1,14,671
1,14,489
1,14,672
1,14,673
1,14,674
0,14,108
1,14,491
1,14,109
1,14,110
0,14,111
1,14,112
1,14,675
1,14,676
1,14,114
1,14,115
1,14,677
1,14,117
0,14,118
1,14,119
1,14,120
1,14,495
1,14,121
1,14,122
1,14,123
1,14,124
1,14,125
1,14,126
1,14,127
1,14,128
1,14,129
0,14,130
1,14,131
1,14,134
1,14,136
1,14,501
1,14,138
1,14,139
1,14,140
1,14,528
0,14,678
0,14,141
0,14,502
1,14,142
1,14,503
1,14,143
1,14,504
1,14,505
1,14,506
1,14,144
1,14,507
0,14,679
0,14,146
1,14,147
1,14,148
1,14,149
1,14,150
1,14,151
0,14,152
1,14,530
0,14,153
1,14,154
1,14,155
1,14,156
1,14,157
0,14,158
1,14,508
1,14,531
0,14,161
1,14,162
1,14,163
1,14,164
1,14,165
1,14,166
1,14,167
0,14,168
1,14,169
0,14,170
1,14,171
1,14,172
1,14,173
1,14,174
1,14,176
1,14,177
1,14,178
0,14,179
0,14,180
1,14,181
1,14,182
1,14,183
0,14,184
1,14,185
1,14,186
1,14,187
1,14,188
0,14,189
0,14,190
1,14,191
1,14,680
1,14,192
1,14,193
1,14,194
1,14,195
1,14,533
1,14,196
1,14,534
1,14,197
1,14,198
1,14,199
1,14,200
1,14,535
1,14,201
1,14,202
1,14,203
1,14,204
1,14,536
1,14,205
1,14,206
1,14,207
1,14,208
1,14,209
1,14,210
1,14,211
1,14,537
1,14,212
1,14,213
1,14,214
1,14,538
1,14,215
1,14,217
1,14,218
1,14,219
1,14,15
1,14,16
1,14,221
1,14,222
1,14,223
1,14,224
1,14,225
1,14,226
1,14,17
1,14,227
1,14,228
1,14,229
0,14,230
1,14,231
1,14,232
1,14,233
1,14,18
1,14,540
1,14,234
1,14,235
0,14,236
1,14,681
1,14,541
0,14,237
1,14,238
1,14,239
1,14,240
1,14,241
1,14,542
1,14,682
1,14,19
1,14,543
0,14,544
1,14,242
1,14,545
1,14,20
1,14,243
1,14,244
1,14,546
1,14,245
1,14,547
1,14,21
1,14,246
1,14,247
1,14,248
1,14,249
1,14,250
1,14,251
1,14,252
1,14,253
1,14,255
1,14,550
1,14,256
1,14,552
0,14,258
1,14,554
1,14,259
1,14,555
1,14,260
1,14,261
1,14,262
0,14,268
1,14,556
1,14,269
1,14,270
1,14,557
1,14,271
1,14,272
1,14,273
1,14,274
0,14,559
1,14,275
1,14,276
1,14,277
1,14,24
1,14,278
1,14,560
1,14,279
1,14,561
1,14,280
1,14,281
0,14,282
1,14,562
1,14,684
0,14,25
1,14,284
1,14,564
1,14,566
1,14,285
0,14,286
1,14,26
1,14,287
1,14,288
1,14,289
1,14,290
0,14,291
1,14,292
1,14,567
1,14,293
0,14,294
1,14,295
1,14,296
1,14,297
1,14,568
1,14,27
1,14,298
1,14,299
0,14,300
1,14,570
1,14,571
1,14,572
1,14,573
1,14,574
0,14,575
1,14,28
1,14,577
1,14,578
1,14,685
1,14,29
1,14,30
1,14,301
1,14,31
1,14,32
1,14,583
1,14,584
1,14,585
1,14,586
1,14,587
0,14,588
0,14,589
0,14,590
1,14,592
0,14,593
0,14,595
0,14,596
1,14,33
1,14,34
0,14,599
1,14,600
0,14,601
1,14,603
1,14,686
1,14,605
1,14,607
1,14,608
1,14,609
1,14,610
1,14,611
1,14,612
1,14,613
1,14,614
1,14,616
1,14,35
1,14,36
1,14,617
0,14,37
1,15,303
0,15,304
0,15,305
1,15,306
1,15,620
1,15,307
1,15,308
1,15,311
1,15,312
1,15,313
1,15,314
1,15,317
1,15,318
1,15,319
0,15,692
1,15,320
1,15,321
1,15,618
0,15,322
1,15,323
1,15,324
1,15,621
1,15,325
1,15,326
1,15,327
1,15,328
1,15,622
1,15,329
0,15,330
1,15,331
1,15,332
1,15,623
1,15,624
1,15,334
1,15,336
1,15,338
0,15,339
1,15,340
1,15,341
1,15,342
1,15,343
1,15,626
1,15,344
1,15,693
1,15,627
1,15,345
1,15,346
1,15,347
1,15,348
1,15,349
1,15,628
1,15,351
1,15,352
1,15,353
1,15,689
0,15,354
1,15,355
1,15,356
0,15,357
1,15,358
1,15,359
1,15,360
1,15,361
1,15,362
1,15,363
1,15,364
1,15,365
1,15,366
1,15,367
1,15,629
1,15,368
1,15,694
0,15,369
0,15,370
1,15,371
1,15,372
1,15,374
1,15,375
1,15,376
1,15,377
1,15,378
1,15,379
1,15,380
1,15,381
1,15,382
1,15,383
1,15,384
1,15,385
1,15,388
0,15,389
1,15,390
1,15,391
1,15,392
1,15,630
1,15,393
1,15,394
1,15,395
1,15,396
0,15,397
1,15,631
0,15,399
1,15,400
1,15,632
1,15,401
1,15,633
1,15,403
1,15,404
1,15,405
1,15,406
1,15,407
0,15,408
1,15,409
0,15,410
1,15,411
0,15,634
1,15,412
0,15,635
0,15,636
0,15,637
0,15,638
0,15,639
0,15,640
0,15,641
0,15,642
0,15,643
0,15,644
0,15,645
0,15,646
0,15,647
0,15,648
0,15,649
0,15,650
0,15,651
0,15,652
0,15,653
0,15,654
0,15,413
1,15,416
1,15,417
1,15,418
0,15,419
0,15,655
0,15,420
0,15,656
0,15,657
1,15,421
0,15,422
1,15,423
1,15,658
1,15,424
1,15,425
1,15,426
1,15,427
0,15,428
1,15,429
0,15,430
1,15,432
0,15,433
1,15,434
1,15,695
1,15,435
0,15,436
1,15,659
1,15,439
1,15,440
1,15,696
1,15,660
1,15,442
1,15,661
0,15,443
1,15,697
1,15,445
0,15,446
1,15,447
1,15,448
1,15,450
1,15,452
1,15,453
1,15,454
1,15,455
1,15,456
1,15,457
1,15,458
0,15,459
1,15,461
1,15,462
0,15,698
1,15,464
1,15,465
1,15,466
1,15,699
1,15,700
1,15,467
1,15,468
1,15,662
1,15,469
1,15,470
1,15,666
1,15,667
1,15,471
1,15,472
1,15,668
1,15,473
1,15,474
0,15,475
0,15,701
1,15,476
1,15,702
1,15,690
0,15,477
1,15,478
0,15,479
1,15,480
1,15,481
1,15,482
1,15,670
0,15,483
0,15,484
1,15,485
1,15,486
1,15,488
1,15,489
1,15,490
1,15,493
1,15,494
1,15,495
1,15,496
1,15,497
0,15,498
0,15,499
0,15,500
1,15,501
1,15,504
0,15,505
0,15,506
1,16,38
1,16,315
1,16,39
1,16,40
0,16,623
1,16,41
1,16,42
1,16,43
0,16,45
1,16,48
0,16,49
1,16,50
1,16,51
1,16,52
1,16,53
1,16,54
1,16,56
1,16,57
1,16,512
0,16,58
1,16,59
0,16,60
1,16,415
1,16,61
1,16,62
0,16,63
1,16,64
0,16,65
0,16,66
1,16,67
1,16,68
1,16,70
1,16,71
1,16,72
1,16,73
1,16,74
1,16,75
1,16,76
1,16,77
1,16,78
1,16,79
1,16,80
1,16,81
0,16,82
1,16,83
1,16,84
1,16,85
1,16,86
1,16,87
1,16,687
1,16,663
1,16,664
1,16,665
1,16,88
0,16,89
1,16,669
0,16,90
1,16,92
1,16,93
1,16,94
1,16,95
1,16,97
1,16,98
1,16,99
1,16,100
0,16,520
1,16,101
1,16,102
1,16,104
0,16,521
1,16,487
1,16,671
1,16,672
1,16,107
1,16,673
1,16,674
0,16,108
1,16,110
1,16,111
1,16,112
1,16,113
1,16,118
1,16,120
1,16,122
1,16,123
1,16,125
1,16,126
1,16,127
1,16,128
1,16,525
1,16,526
0,16,130
0,16,131
1,16,132
1,16,133
1,16,134
0,16,135
1,16,137
1,16,138
1,16,139
1,16,678
1,16,141
1,16,502
1,16,142
1,16,143
1,16,144
0,16,145
1,16,679
1,16,146
1,16,148
0,16,149
1,16,150
1,16,151
1,16,153
1,16,154
1,16,155
0,16,158
1,16,508
1,16,159
1,16,160
1,16,164
0,16,165
1,16,166
1,16,167
0,16,168
1,16,169
1,16,170
1,16,171
0,16,172
0,16,173
1,16,174
1,16,175
1,16,177
1,16,178
0,16,179
1,16,180
1,16,181
1,16,182
1,16,183
1,16,184
1,16,185
1,16,187
1,16,188
1,16,189
1,16,191
1,16,680
0,16,193
1,16,194
1,16,195
1,16,196
1,16,197
0,16,198
1,16,199
1,16,535
1,16,201
1,16,202
1,16,204
0,16,536
1,16,205
0,16,206
1,16,207
1,16,208
1,16,209
1,16,210
1,16,211
1,16,212
1,16,214
1,16,538
1,16,215
0,16,216
1,16,217
1,16,219
1,16,15
0,16,220
1,16,221
0,16,222
1,16,223
0,16,224
1,16,225
0,16,226
1,16,227
0,16,229
1,16,230
1,16,231
1,16,233
0,16,235
1,16,236
1,16,681
1,16,541
1,16,237
0,16,238
0,16,239
0,16,240
1,16,241
0,16,682
0,16,543
1,16,242
1,16,545
1,16,243
1,16,244
1,16,546
0,16,245
1,16,547
1,16,247
1,16,249
0,16,548
1,16,250
1,16,251
1,16,252
1,16,253
0,16,254
1,16,255
1,16,550
1,16,257
1,16,258
1,16,259
1,16,262
1,16,263
1,16,264
1,16,265
1,16,266
1,16,267
1,16,268
1,16,556
0,16,269
1,16,270
1,16,272
0,16,273
0,16,274
1,16,276
1,16,279
1,16,281
0,16,282
1,16,283
0,16,564
1,16,285
1,16,286
1,16,288
1,16,289
1,16,290
1,16,291
1,16,293
1,16,294
1,16,295
0,16,297
1,16,568
1,16,299
1,16,300
1,16,570
1,16,575
1,16,685
0,16,301
0,16,586
1,16,588
1,16,589
1,16,590
0,16,592
1,16,595
1,16,596
1,16,601
0,16,603
1,17,509
1,17,44
1,17,510
1,17,11
1,17,12
1,17,13
1,17,14
1,17,512
1,17,513
1,17,514
1,17,515
1,17,516
1,17,91
1,17,96
1,17,517
1,17,518
0,17,519
1,17,520
1,17,521
1,17,688
1,17,522
1,17,523
1,17,109
1,17,675
1,17,676
1,17,677
1,17,116
1,17,117
1,17,524
1,17,119
1,17,124
1,17,128
1,17,525
1,17,526
1,17,527
1,17,528
1,17,678
1,17,529
1,17,530
1,17,531
1,17,163
1,17,532
1,17,192
1,17,533
0,17,534
1,17,535
1,17,536
1,17,537
1,17,212
0,17,538
1,17,215
1,17,539
1,17,218
1,17,16
1,17,225
1,17,17
1,17,232
1,17,18
1,17,540
1,17,542
1,17,19
1,17,543
1,17,20
0,17,546
1,17,547
1,17,548
1,17,549
1,17,683
1,17,550
1,17,551
1,17,552
0,17,553
1,17,555
1,17,261
1,17,265
1,17,556
0,17,22
0,17,558
1,17,23
1,17,559
1,17,275
1,17,24
0,17,278
1,17,560
1,17,561
1,17,281
1,17,282
0,17,562
1,17,25
1,17,283
1,17,563
0,17,284
1,17,564
0,17,565
1,17,566
1,17,286
1,17,26
1,17,288
0,17,291
1,17,292
1,17,567
1,17,293
1,17,294
0,17,296
1,17,297
1,17,568
0,17,27
1,17,298
1,17,569
1,17,299
1,17,300
1,17,570
1,17,571
1,17,572
1,17,573
1,17,574
1,17,575
1,17,28
1,17,576
1,17,577
1,17,578
1,17,685
1,17,579
1,17,29
1,17,30
1,17,580
1,17,581
0,17,301
1,17,31
1,17,32
1,17,582
1,17,583
1,17,584
0,17,585
1,17,586
1,17,587
1,17,588
1,17,589
1,17,590
1,17,591
1,17,592
0,17,593
1,17,594
1,17,595
1,17,596
1,17,33
1,17,34
1,17,597
1,17,598
1,17,599
1,17,601
1,17,602
1,17,603
1,17,604
1,17,686
1,17,605
1,17,606
1,17,607
0,17,608
1,17,609
1,17,610
1,17,611
1,17,612
1,17,613
1,17,614
1,17,615
1,17,616
0,17,35
1,17,36
1,17,617
1,17,37
0,18,303
0,18,0
0,18,305
0,18,3
0,18,306
1,18,620
0,18,307
1,18,308
1,18,309
1,18,310
0,18,311
0,18,312
0,18,313
0,18,38
0,18,314
1,18,315
1,18,5
0,18,316
0,18,317
0,18,318
0,18,319
0,18,692
0,18,320
0,18,321
1,18,618
0,18,322
0,18,323
1,18,324
0,18,621
1,18,325
1,18,326
0,18,327
0,18,509
1,18,328
0,18,622
0,18,329
0,18,39
1,18,330
0,18,331
0,18,40
0,18,332
1,18,623
0,18,333
0,18,624
0,18,334
1,18,41
1,18,335
0,18,625
0,18,336
0,18,337
0,18,338
0,18,339
0,18,340
0,18,341
0,18,342
0,18,343
0,18,626
0,18,42
0,18,43
0,18,344
0,18,7
0,18,693
1,18,8
0,18,627
0,18,44
1,18,9
0,18,345
0,18,10
0,18,45
0,18,346
1,18,347
1,18,348
0,18,510
0,18,46
0,18,349
0,18,350
1,18,11
1,18,628
0,18,351
0,18,352
0,18,353
0,18,689
1,18,47
1,18,354
0,18,355
0,18,356
0,18,357
1,18,358
0,18,511
0,18,48
1,18,359
1,18,49
0,18,360
0,18,361
1,18,362
1,18,363
0,18,364
1,18,365
0,18,366
0,18,619
0,18,367
0,18,629
1,18,368
0,18,50
0,18,694
0,18,51
0,18,369
0,18,370
0,18,52
0,18,372
1,18,373
1,18,374
0,18,375
1,18,376
1,18,377
1,18,378
0,18,379
1,18,380
1,18,381
1,18,382
1,18,383
1,18,384
0,18,385
0,18,386
0,18,12
0,18,387
0,18,388
1,18,389
0,18,390
0,18,391
0,18,392
0,18,13
0,18,630
1,18,393
1,18,53
0,18,394
0,18,395
0,18,396
1,18,397
0,18,54
0,18,398
0,18,631
0,18,55
0,18,56
0,18,57
0,18,400
0,18,632
1,18,14
0,18,401
0,18,402
0,18,633
0,18,512
0,18,403
0,18,58
0,18,404
0,18,59
0,18,407
1,18,408
0,18,409
1,18,410
0,18,411
0,18,412
1,18,60
0,18,413
0,18,414
0,18,415
0,18,61
0,18,416
1,18,417
0,18,418
1,18,419
1,18,655
1,18,420
0,18,62
1,18,656
1,18,657
0,18,63
0,18,421
0,18,422
0,18,423
0,18,658
1,18,424
1,18,425
1,18,426
0,18,427
1,18,64
1,18,428
0,18,65
0,18,429
0,18,66
0,18,431
0,18,513
0,18,67
1,18,432
1,18,433
0,18,434
0,18,695
0,18,68
1,18,435
0,18,436
0,18,69
0,18,514
0,18,659
1,18,437
1,18,438
0,18,70
1,18,439
0,18,440
0,18,696
1,18,441
0,18,660
0,18,442
0,18,661
0,18,515
0,18,71
0,18,72
0,18,73
0,18,74
0,18,443
1,18,75
1,18,697
0,18,444
0,18,76
1,18,78
0,18,79
1,18,80
1,18,447
0,18,448
0,18,450
0,18,451
0,18,452
0,18,453
0,18,454
0,18,455
1,18,81
0,18,456
1,18,82
0,18,457
0,18,458
1,18,459
0,18,460
0,18,83
0,18,84
0,18,461
1,18,462
0,18,85
1,18,86
1,18,698
0,18,464
0,18,87
0,18,465
0,18,466
0,18,699
0,18,700
0,18,467
0,18,468
0,18,687
0,18,662
0,18,663
0,18,516
0,18,664
0,18,665
0,18,469
0,18,470
0,18,88
0,18,666
1,18,667
0,18,471
1,18,89
0,18,472
0,18,668
0,18,473
0,18,669
0,18,474
0,18,90
0,18,91
0,18,475
0,18,92
1,18,701
0,18,476
0,18,93
0,18,94
0,18,95
0,18,702
0,18,96
0,18,690
1,18,517
1,18,518
0,18,478
0,18,479
0,18,97
0,18,98
0,18,480
0,18,519
0,18,481
0,18,482
0,18,99
0,18,670
0,18,100
0,18,520
0,18,101
0,18,102
0,18,483
0,18,103
0,18,104
0,18,484
0,18,521
1,18,105
1,18,688
1,18,522
0,18,106
0,18,486
0,18,487
0,18,671
0,18,672
0,18,107
0,18,673
0,18,523
0,18,674
0,18,490
1,18,108
1,18,491
0,18,109
0,18,691
0,18,492
0,18,493
1,18,110
1,18,111
0,18,112
0,18,675
0,18,494
0,18,676
0,18,113
0,18,114
0,18,115
0,18,677
0,18,116
0,18,117
1,18,118
0,18,524
0,18,119
0,18,120
1,18,495
0,18,121
0,18,122
1,18,123
0,18,124
0,18,125
0,18,496
0,18,126
0,18,127
0,18,128
0,18,525
0,18,129
0,18,526
1,18,497
1,18,130
0,18,131
0,18,132
1,18,133
1,18,134
1,18,135
1,18,527
0,18,499
0,18,500
0,18,137
0,18,138
0,18,140
0,18,528
1,18,678
1,18,141
1,18,502
0,18,142
0,18,503
0,18,529
0,18,143
0,18,504
0,18,505
0,18,506
0,18,144
0,18,507
1,18,145
1,18,679
1,18,146
1,18,147
0,18,148
0,18,149
0,18,150
0,18,151
1,18,152
0,18,530
1,18,153
0,18,154
1,18,155
1,18,156
0,18,157
0,18,158
0,18,508
0,18,159
1,18,531
0,18,160
1,18,161
0,18,162
1,18,163
0,18,164
1,18,165
0,18,166
0,18,167
0,18,168
0,18,169
1,18,170
0,18,171
0,18,172
0,18,174
0,18,175
0,18,176
0,18,177
0,18,178
1,18,179
0,18,180
0,18,181
1,18,182
0,18,183
0,18,184
1,18,185
0,18,186
0,18,187
0,18,188
0,18,189
1,18,190
0,18,532
0,18,191
0,18,680
0,18,192
0,18,193
0,18,194
0,18,195
1,18,533
0,18,534
0,18,197
0,18,198
0,18,199
0,18,200
1,18,535
0,18,201
0,18,202
1,18,203
0,18,204
0,18,536
0,18,205
0,18,206
0,18,207
0,18,208
0,18,209
0,18,210
0,18,211
0,18,537
0,18,212
0,18,213
0,18,214
0,18,538
0,18,215
0,18,216
0,18,217
0,18,539
1,18,218
0,18,219
0,18,15
0,18,16
1,18,220
0,18,221
0,18,222
0,18,223
0,18,224
0,18,225
1,18,226
0,18,17
0,18,227
0,18,228
0,18,229
1,18,230
0,18,231
0,18,232
0,18,233
0,18,18
1,18,540
0,18,234
0,18,235
1,18,236
0,18,681
0,18,541
1,18,237
0,18,238
0,18,239
0,18,240
0,18,241
0,18,542
1,18,682
0,18,19
0,18,543
1,18,544
0,18,242
0,18,545
0,18,20
0,18,243
0,18,244
0,18,546
0,18,245
0,18,547
0,18,21
0,18,246
0,18,247
0,18,248
1,18,249
0,18,548
0,18,250
0,18,549
0,18,251
0,18,252
0,18,683
0,18,253
1,18,254
0,18,255
0,18,550
0,18,256
0,18,551
0,18,552
0,18,553
0,18,257
0,18,258
0,18,554
1,18,259
1,18,555
1,18,260
1,18,261
1,18,262
0,18,263
0,18,264
0,18,265
0,18,266
0,18,267
0,18,268
0,18,556
0,18,269
0,18,270
0,18,22
0,18,557
0,18,271
0,18,272
0,18,273
1,18,558
1,18,23
0,18,274
1,18,559
0,18,275
0,18,276
0,18,277
0,18,24
1,18,278
1,18,560
0,18,279
0,18,561
0,18,280
0,18,281
0,18,282
0,18,562
1,18,684
0,18,25
0,18,283
0,18,563
1,18,284
0,18,564
1,18,565
0,18,566
0,18,285
0,18,286
1,18,26
0,18,287
1,18,288
0,18,289
1,18,290
1,18,291
0,18,292
0,18,567
1,18,293
1,18,294
0,18,295
1,18,296
0,18,297
0,18,568
0,18,27
1,18,298
0,18,569
0,18,299
1,18,300
1,18,570
0,18,571
0,18,572
0,18,573
0,18,574
1,18,575
1,18,28
1,18,576
0,18,577
0,18,578
0,18,685
0,18,579
0,18,29
1,18,30
0,18,580
0,18,581
0,18,301
0,18,31
0,18,32
0,18,582
0,18,583
1,18,584
1,18,585
0,18,586
1,18,587
1,18,588
1,18,589
1,18,590
0,18,591
1,18,592
1,18,593
0,18,594
1,18,595
1,18,596
0,18,33
0,18,34
0,18,597
0,18,598
1,18,599
0,18,600
1,18,601
0,18,602
0,18,603
0,18,604
0,18,686
1,18,605
0,18,606
0,18,607
0,18,608
1,18,609
1,18,610
0,18,611
0,18,612
0,18,613
0,18,614
0,18,615
0,18,616
0,18,35
0,18,36
0,18,617
1,18,37
1,19,304
1,19,305
1,19,310
1,19,311
1,19,313
0,19,315
1,19,316
1,19,318
1,19,320
1,19,621
0,19,622
1,19,330
1,19,332
1,19,625
1,19,336
1,19,693
1,19,627
1,19,345
1,19,45
1,19,347
1,19,348
1,19,628
1,19,353
1,19,689
0,19,354
1,19,355
1,19,358
0,19,361
0,19,363
1,19,364
1,19,369
1,19,371
1,19,372
1,19,375
1,19,379
1,19,386
1,19,387
1,19,391
1,19,392
1,19,398
1,19,631
1,19,399
1,19,57
1,19,406
1,19,409
1,19,634
1,19,412
1,19,635
1,19,636
1,19,637
1,19,638
1,19,639
1,19,640
1,19,641
1,19,642
1,19,643
1,19,644
1,19,645
1,19,646
1,19,647
1,19,648
1,19,649
1,19,650
1,19,651
1,19,652
1,19,653
1,19,654
1,19,413
1,19,414
0,19,416
0,19,417
1,19,419
1,19,655
1,19,420
1,19,62
1,19,656
1,19,657
1,19,421
0,19,422
1,19,423
1,19,658
1,19,425
1,19,427
1,19,428
1,19,65
1,19,429
1,19,430
1,19,431
1,19,432
0,19,433
1,19,434
1,19,695
1,19,435
0,19,436
1,19,659
1,19,437
1,19,438
1,19,70
1,19,439
1,19,440
1,19,696
1,19,441
0,19,660
1,19,442
1,19,661
0,19,71
0,19,72
1,19,73
1,19,443
0,19,75
1,19,697
1,19,444
1,19,76
1,19,445
1,19,77
1,19,78
1,19,446
0,19,447
1,19,448
1,19,449
1,19,450
1,19,451
1,19,452
1,19,454
1,19,455
1,19,457
1,19,458
1,19,459
1,19,460
1,19,83
1,19,703
1,19,461
1,19,462
1,19,463
1,19,698
1,19,464
1,19,465
1,19,466
1,19,699
1,19,700
1,19,467
1,19,468
1,19,662
0,19,663
0,19,664
0,19,665
1,19,469
1,19,470
0,19,88
1,19,666
0,19,667
1,19,471
1,19,472
1,19,668
1,19,473
0,19,669
1,19,474
1,19,475
1,19,701
1,19,476
1,19,95
1,19,702
1,19,690
1,19,477
1,19,478
1,19,479
1,19,480
1,19,482
1,19,670
1,19,483
1,19,484
0,19,105
1,19,485
1,19,487
1,19,488
1,19,489
1,19,490
0,19,491
1,19,691
1,19,492
1,19,493
1,19,112
1,19,494
1,19,113
1,19,115
1,19,495
0,19,123
1,19,496
1,19,497
0,19,130
1,19,498
0,19,131
1,19,499
1,19,500
1,19,501
1,19,137
0,19,139
1,19,503
1,19,143
0,19,504
1,19,505
1,19,506
1,19,507
1,19,148
1,19,154
1,19,165
1,19,171
0,20,38
1,20,47
1,20,54
0,20,631
1,20,61
1,20,75
1,20,82
1,20,108
1,20,109
1,20,126
1,20,140
1,20,142
1,20,149
0,20,156
1,20,157
1,20,159
0,20,160
1,20,163
0,20,170
1,20,172
1,20,177
0,20,180
1,20,185
1,20,187
1,20,200
1,20,210
1,20,224
0,20,236
1,20,544
1,20,545
1,20,251
1,20,253
0,20,255
1,20,257
1,20,258
1,20,263
1,20,264
1,20,266
1,20,267
1,20,272
1,20,273
1,20,274
1,20,279
1,21,303
1,21,0
1,21,304
1,21,305
1,21,1
1,21,2
1,21,3
1,21,302
1,21,306
1,21,4
1,21,620
1,21,307
1,21,308
1,21,309
1,21,310
1,21,311
1,21,312
1,21,313
0,21,314
1,21,5
1,21,316
1,21,317
1,21,319
1,21,320
1,21,321
1,21,618
1,21,322
0,21,324
1,21,621
1,21,325
1,21,6
1,21,326
1,21,327
1,21,328
1,21,622
0,21,329
1,21,330
1,21,331
1,21,332
1,21,333
1,21,624
1,21,334
1,21,335
1,21,625
1,21,336
1,21,337
1,21,338
1,21,339
0,21,340
1,21,341
1,21,343
1,21,626
1,21,344
1,21,7
1,21,693
1,21,8
1,21,627
1,21,9
1,21,345
1,21,10
1,21,346
1,21,350
0,21,628
1,21,351
1,21,352
1,21,689
1,21,354
1,21,355
1,21,356
1,21,357
0,21,358
1,21,360
1,21,361
1,21,363
1,21,364
1,21,365
1,21,619
1,21,694
1,21,369
1,21,370
1,21,371
1,21,372
1,21,374
1,21,375
1,21,376
0,21,377
1,21,378
0,21,379
1,21,380
0,21,381
1,21,382
1,21,383
1,21,384
1,21,385
1,21,386
1,21,387
1,21,388
1,21,389
1,21,391
1,21,392
0,21,393
1,21,394
1,21,395
1,21,396
1,21,397
1,21,398
1,21,399
1,21,400
1,21,632
1,21,401
1,21,402
1,21,403
1,21,405
1,21,406
1,21,407
1,21,408
1,21,409
1,21,410
1,21,411
1,21,634
1,21,412
1,21,635
1,21,636
1,21,637
1,21,638
1,21,639
1,21,640
1,21,641
1,21,642
1,21,643
1,21,644
1,21,645
1,21,646
1,21,647
1,21,648
1,21,649
1,21,650
1,21,651
1,21,652
1,21,653
1,21,654
1,21,413
1,21,414
1,21,416
0,21,417
1,21,418
1,21,419
1,21,655
1,21,420
1,21,656
1,21,657
1,21,421
0,21,422
1,21,423
1,21,658
1,21,424
1,21,426
1,21,427
1,21,428
1,21,430
1,21,431
1,21,432
1,21,434
1,21,435
1,21,436
1,21,659
1,21,437
1,21,438
1,21,439
1,21,440
1,21,696
1,21,441
1,21,660
1,21,442
1,21,661
1,21,443
1,21,697
1,21,444
1,21,445
1,21,446
0,21,447
1,21,448
1,21,449
1,21,450
1,21,451
1,21,453
1,21,455
1,21,457
1,21,458
1,21,459
1,21,460
1,21,703
1,21,461
1,21,462
1,21,463
1,21,698
1,21,464
1,21,465
1,21,466
1,21,699
1,21,700
1,21,467
1,21,662
1,21,469
1,21,666
0,21,667
1,21,471
1,21,472
1,21,668
1,21,473
1,21,474
1,21,701
1,21,476
1,21,702
1,21,690
1,21,477
1,21,479
1,21,480
1,21,481
1,21,482
1,21,670
1,21,483
1,21,484
0,21,105
1,21,485
1,21,486
1,21,490
1,21,691
1,21,492
1,21,493
1,21,494
1,21,496
1,21,497
1,21,499
1,21,500
1,21,503
1,21,504
1,21,506
1,22,315
1,22,318
0,22,320
1,22,621
1,22,330
1,22,40
1,22,332
1,22,623
1,22,625
1,22,693
1,22,627
1,22,345
1,22,45
1,22,347
1,22,348
1,22,353
1,22,689
1,22,361
1,22,364
1,22,694
1,22,371
1,22,52
1,22,386
1,22,391
1,22,392
1,22,398
1,22,631
1,22,57
1,22,409
1,22,412
1,22,60
1,22,415
0,22,421
1,22,422
1,22,423
1,22,658
1,22,427
1,22,64
1,22,65
1,22,66
1,22,430
1,22,431
1,22,67
1,22,432
1,22,434
1,22,695
1,22,68
1,22,69
1,22,437
1,22,438
1,22,70
1,22,696
1,22,660
1,22,442
1,22,71
1,22,72
1,22,73
1,22,443
1,22,77
1,22,78
1,22,446
1,22,80
1,22,447
1,22,448
1,22,449
1,22,450
1,22,452
1,22,454
1,22,455
1,22,456
0,22,82
1,22,457
1,22,458
1,22,459
1,22,83
1,22,703
1,22,461
1,22,463
1,22,698
1,22,464
1,22,465
1,22,699
1,22,700
1,22,467
1,22,468
1,22,687
1,22,663
1,22,664
1,22,665
1,22,666
0,22,667
1,22,471
1,22,89
0,22,472
1,22,668
1,22,473
1,22,669
1,22,474
1,22,92
1,22,701
1,22,476
1,22,95
1,22,702
1,22,690
1,22,477
1,22,478
1,22,479
1,22,480
1,22,481
1,22,482
1,22,99
1,22,670
1,22,483
1,22,484
1,22,105
1,22,485
1,22,486
1,22,487
1,22,488
1,22,489
1,22,490
1,22,491
1,22,691
1,22,492
1,22,112
1,22,494
1,22,115
1,22,120
1,22,123
1,22,496
1,22,497
0,22,130
1,22,498
1,22,131
1,22,132
0,22,133
1,22,134
1,22,135
1,22,499
1,22,500
1,22,138
0,22,139
0,22,678
0,22,502
1,22,503
1,22,143
1,22,504
1,22,505
1,22,506
1,22,507
1,22,145
0,22,679
1,22,146
1,22,148
1,22,151
1,22,153
1,22,154
1,22,155
0,22,158
0,22,165
1,22,166
1,22,167
0,22,168
1,22,171
1,22,172
1,22,178
0,22,179
1,22,184
1,22,188
1,22,191
1,22,195
1,22,198
1,22,206
1,22,208
1,22,209
1,22,214
1,22,216
1,22,217
1,22,219
0,22,220
1,22,221
1,22,222
1,22,223
1,22,229
1,22,230
1,22,681
0,22,237
1,22,240
1,22,682
1,22,247
0,23,303
0,23,0
1,23,304
0,23,305
0,23,1
0,23,2
1,23,3
1,23,302
1,23,306
1,23,4
1,23,620
1,23,307
1,23,308
1,23,311
1,23,312
1,23,313
1,23,314
1,23,5
0,23,316
1,23,317
1,23,318
1,23,319
1,23,692
0,23,320
1,23,321
1,23,618
0,23,322
0,23,323
0,23,324
1,23,621
1,23,325
1,23,6
1,23,326
1,23,327
1,23,328
1,23,622
1,23,329
0,23,330
1,23,331
0,23,332
1,23,333
1,23,624
1,23,334
1,23,335
1,23,337
1,23,338
1,23,339
1,23,340
1,23,341
1,23,342
1,23,343
1,23,626
1,23,344
1,23,7
1,23,693
1,23,8
1,23,9
0,23,345
1,23,10
1,23,346
1,23,349
1,23,350
1,23,628
1,23,351
0,23,352
1,23,354
1,23,355
1,23,357
0,23,358
1,23,359
0,23,360
1,23,361
0,23,362
1,23,363
1,23,364
1,23,365
1,23,366
1,23,619
1,23,367
1,23,629
1,23,368
1,23,694
0,23,369
0,23,370
0,23,371
1,23,372
0,23,373
1,23,374
1,23,375
1,23,376
1,23,377
1,23,378
1,23,379
1,23,380
1,23,381
1,23,382
1,23,383
1,23,384
1,23,385
1,23,386
1,23,387
1,23,388
0,23,389
1,23,390
0,23,392
1,23,630
1,23,393
1,23,394
1,23,395
1,23,396
0,23,397
1,23,398
1,23,400
1,23,632
1,23,401
1,23,402
1,23,633
1,23,403
1,23,404
1,23,405
1,23,406
1,23,407
1,23,408
1,23,410
1,23,411
1,23,634
1,23,412
1,23,635
1,23,636
1,23,637
1,23,638
1,23,639
1,23,640
1,23,641
1,23,642
1,23,643
1,23,644
1,23,645
1,23,646
1,23,647
1,23,648
1,23,649
1,23,650
1,23,651
1,23,652
1,23,653
1,23,654
1,23,413
1,23,414
1,23,415
0,23,416
1,23,418
1,23,419
0,23,420
1,23,657
1,23,421
0,23,422
0,23,423
1,23,424
1,23,426
0,23,427
1,23,428
1,23,429
1,23,430
1,23,431
1,23,432
1,23,434
1,23,695
1,23,435
0,23,436
1,23,437
1,23,438
1,23,439
0,23,440
1,23,696
1,23,441
0,23,660
1,23,442
1,23,661
1,23,74
1,23,443
1,23,697
0,23,444
0,23,445
0,23,446
0,23,447
1,23,448
1,23,449
1,23,450
1,23,451
1,23,453
1,23,454
1,23,456
1,23,457
1,23,460
1,23,703
1,23,461
1,23,462
1,23,463
0,23,698
0,23,464
1,23,465
1,23,466
1,23,699
1,23,700
1,23,467
1,23,468
1,23,470
0,23,666
0,23,667
0,23,471
1,23,472
1,23,473
1,23,474
0,23,701
1,23,476
1,23,702
1,23,690
0,23,480
1,23,481
0,23,482
1,23,670
0,23,483
0,23,484
0,23,485
1,23,486
0,23,490
1,23,691
1,23,493
1,23,494
1,23,496
1,23,133
1,23,499
1,23,500
1,24,303
1,24,0
1,24,304
1,24,305
0,24,1
0,24,2
1,24,3
1,24,302
1,24,306
1,24,4
1,24,620
1,24,307
1,24,308
1,24,309
1,24,311
1,24,312
1,24,314
0,24,5
1,24,316
1,24,317
1,24,318
0,24,319
0,24,692
1,24,320
1,24,321
1,24,618
1,24,322
1,24,323
0,24,324
1,24,621
1,24,325
1,24,6
1,24,326
1,24,327
1,24,328
1,24,622
1,24,329
0,24,330
1,24,331
1,24,332
1,24,333
1,24,624
0,24,334
1,24,335
1,24,337
1,24,338
1,24,339
1,24,340
1,24,341
1,24,342
1,24,343
1,24,626
1,24,344
1,24,7
1,24,693
1,24,8
1,24,9
1,24,345
1,24,10
1,24,346
1,24,349
1,24,350
1,24,628
1,24,351
1,24,352
0,24,354
1,24,355
0,24,356
1,24,357
0,24,358
1,24,359
0,24,360
1,24,361
1,24,362
1,24,363
1,24,364
1,24,365
1,24,366
1,24,619
1,24,367
1,24,629
1,24,368
1,24,694
0,24,369
1,24,370
1,24,371
1,24,372
1,24,373
1,24,374
1,24,376
0,24,377
1,24,378
1,24,379
1,24,380
0,24,381
1,24,382
1,24,383
1,24,384
1,24,385
1,24,386
1,24,387
1,24,388
0,24,389
1,24,390
1,24,392
1,24,630
1,24,393
1,24,394
1,24,395
1,24,396
0,24,397
1,24,398
1,24,631
1,24,399
1,24,400
1,24,632
1,24,401
1,24,402
1,24,633
1,24,403
0,24,404
1,24,405
1,24,407
1,24,408
1,24,410
1,24,411
1,24,634
1,24,412
1,24,635
1,24,636
1,24,637
1,24,638
1,24,639
1,24,640
1,24,641
1,24,642
1,24,643
1,24,644
1,24,645
1,24,646
1,24,647
1,24,648
1,24,649
1,24,650
1,24,651
1,24,652
1,24,653
1,24,654
0,24,413
1,24,414
0,24,416
1,24,418
1,24,419
1,24,655
0,24,420
1,24,656
1,24,657
1,24,421
1,24,422
1,24,423
1,24,424
1,24,425
1,24,426
1,24,427
1,24,428
1,24,430
1,24,431
1,24,432
1,24,433
1,24,434
1,24,695
1,24,435
1,24,436
1,24,659
0,24,437
0,24,438
1,24,439
1,24,440
1,24,696
1,24,441
1,24,660
1,24,442
1,24,661
1,24,74
1,24,443
1,24,697
1,24,444
1,24,445
1,24,446
1,24,447
1,24,449
1,24,450
1,24,453
1,24,454
1,24,456
1,24,457
1,24,460
1,24,703
1,24,461
0,24,462
1,24,463
0,24,698
1,24,465
1,24,466
1,24,699
1,24,700
1,24,467
1,24,468
1,24,662
1,24,470
1,24,666
0,24,667
1,24,472
1,24,473
1,24,474
0,24,701
1,24,476
1,24,702
1,24,478
1,24,480
1,24,481
1,24,482
1,24,670
1,24,483
1,24,484
1,25,303
0,25,0
0,25,1
0,25,2
1,25,3
1,25,302
1,25,306
1,25,4
0,25,620
1,25,308
1,25,309
1,25,312
0,25,5
1,25,317
1,25,319
0,25,692
0,25,321
1,25,618
1,25,322
1,25,323
0,25,324
1,25,325
1,25,6
0,25,326
1,25,327
1,25,328
0,25,329
1,25,331
1,25,333
1,25,334
1,25,335
1,25,339
0,25,340
1,25,342
0,25,343
1,25,344
1,25,7
1,25,8
1,25,9
1,25,10
1,25,349
1,25,350
1,25,351
1,25,352
1,25,356
1,25,357
1,25,359
1,25,360
1,25,362
1,25,365
1,25,367
1,25,629
0,25,370
1,25,373
1,25,374
1,25,376
1,25,377
1,25,378
1,25,381
1,25,383
1,25,384
1,25,385
1,25,389
1,25,390
1,25,630
1,25,393
1,25,394
1,25,395
1,25,396
1,25,400
1,25,632
1,25,402
1,25,633
1,25,404
0,25,405
1,25,411
1,26,38
0,26,509
1,26,39
1,26,623
1,26,41
1,26,42
1,26,43
1,26,44
1,26,510
1,26,46
0,26,11
1,26,47
1,26,511
1,26,48
1,26,50
1,26,51
0,26,12
1,26,13
1,26,53
1,26,54
1,26,631
1,26,55
1,26,56
0,26,14
1,26,512
1,26,58
1,26,61
1,26,62
0,26,63
0,26,65
1,26,513
1,26,514
1,26,515
1,26,73
1,26,74
1,26,75
1,26,79
1,26,81
0,26,82
1,26,84
1,26,85
1,26,86
1,26,87
1,26,687
1,26,663
1,26,516
1,26,664
1,26,665
1,26,88
1,26,669
1,26,91
1,26,94
1,26,96
1,26,517
1,26,518
1,26,97
1,26,98
1,26,519
1,26,100
1,26,520
1,26,101
1,26,103
1,26,521
1,26,688
1,26,522
1,26,106
1,26,107
1,26,523
1,26,109
0,26,110
1,26,675
1,26,676
1,26,114
1,26,677
0,26,116
1,26,117
1,26,118
1,26,524
1,26,119
1,26,121
1,26,124
1,26,125
1,26,126
1,26,127
1,26,128
1,26,525
1,26,129
1,26,526
0,26,132
1,26,527
1,26,139
1,26,140
1,26,528
1,26,678
1,26,141
1,26,142
1,26,529
1,26,144
1,26,679
1,26,147
1,26,149
1,26,152
1,26,530
1,26,156
1,26,157
1,26,158
1,26,159
1,26,531
1,26,160
1,26,161
1,26,163
0,26,170
0,26,173
1,26,174
1,26,175
1,26,176
1,26,177
1,26,179
1,26,180
1,26,181
1,26,183
1,26,185
1,26,186
1,26,187
1,26,189
1,26,190
1,26,192
0,26,193
1,26,194
1,26,533
1,26,196
1,26,197
1,26,199
0,26,200
1,26,535
1,26,202
1,26,204
1,26,536
1,26,207
1,26,210
1,26,211
1,26,537
1,26,213
0,26,538
1,26,539
1,26,218
1,26,220
1,26,224
0,26,226
1,26,227
1,26,228
0,26,231
1,26,232
1,26,233
1,26,540
1,26,234
1,26,235
0,26,236
1,26,541
1,26,238
1,26,239
1,26,241
1,26,542
1,26,543
1,26,544
1,26,242
1,26,545
1,26,243
1,26,244
1,26,546
1,26,245
1,26,547
1,26,21
1,26,246
1,26,247
1,26,248
1,26,249
1,26,548
1,26,250
1,26,549
1,26,251
1,26,252
1,26,683
1,26,253
1,26,254
1,26,255
1,26,550
1,26,256
1,26,551
1,26,552
1,26,553
1,26,257
1,26,258
1,26,554
0,26,259
1,26,555
1,26,260
1,26,261
1,26,262
1,26,263
1,26,264
1,26,265
1,26,266
1,26,267
1,26,268
1,26,556
1,26,269
1,26,270
1,26,22
1,26,557
1,26,271
1,26,272
1,26,273
1,26,558
1,26,274
0,26,559
0,26,275
1,26,277
0,26,24
1,26,278
1,26,560
1,26,279
1,26,280
1,26,281
0,26,282
1,26,562
1,26,684
1,26,25
1,26,283
1,26,563
1,26,284
1,26,564
1,26,565
1,26,566
1,26,285
0,26,286
1,26,26
1,26,287
1,26,288
1,26,289
1,26,290
1,26,291
1,26,292
1,26,567
1,26,293
1,26,294
1,26,295
1,26,296
0,26,297
1,26,27
1,26,298
1,26,569
1,26,299
1,26,300
1,26,570
1,26,571
1,26,572
1,26,573
1,26,574
1,26,575
1,26,28
1,26,577
1,26,578
1,26,685
1,26,579
1,26,29
1,26,30
0,26,301
1,26,31
1,26,32
1,26,583
1,26,584
0,26,585
1,26,586
1,26,587
1,26,588
1,26,589
1,26,590
1,26,591
1,26,592
1,26,593
1,26,594
1,26,595
1,26,596
1,26,597
1,26,598
0,26,599
0,26,600
1,26,601
0,26,602
1,26,603
1,26,604
1,26,686
1,26,605
1,26,606
0,26,607
1,26,608
1,26,609
1,26,610
1,26,611
0,26,613
0,26,614
0,26,615
1,26,35
0,26,36
1,26,37
1,27,509
1,27,510
1,27,11
1,27,511
1,27,12
1,27,13
1,27,14
1,27,512
1,27,514
1,27,515
0,27,517
0,27,518
1,27,688
0,27,522
1,27,523
1,27,675
1,27,676
1,27,677
1,27,524
0,27,527
1,27,528
1,27,678
1,27,502
1,27,679
1,27,530
0,27,508
0,27,531
1,27,163
1,27,532
1,27,533
1,27,534
1,27,535
1,27,536
1,27,538
1,27,539
1,27,540
1,27,542
1,27,21
1,27,549
1,27,683
1,27,552
0,27,555
1,27,557
1,27,558
1,27,23
0,27,559
1,27,560
1,27,561
1,27,562
1,27,684
1,27,25
1,27,563
1,27,565
1,27,26
1,27,567
0,27,27
1,27,569
1,27,573
1,27,574
1,27,575
1,27,28
1,27,576
1,27,577
1,27,579
1,27,29
1,27,30
1,27,580
1,27,581
1,27,31
1,27,32
1,27,582
0,27,583
0,27,584
1,27,585
1,27,586
1,27,587
0,27,588
0,27,589
0,27,590
1,27,592
1,27,593
1,27,594
0,27,595
0,27,596
1,27,34
1,27,597
1,27,598
1,27,599
1,27,600
0,27,601
1,27,602
1,27,603
1,27,604
1,27,686
0,27,605
1,27,606
1,27,607
1,27,608
0,27,609
0,27,610
1,27,611
1,27,613
1,27,615
0,27,35
1,27,36
1,27,37
1,28,509
1,28,44
1,28,510
1,28,11
1,28,511
1,28,48
1,28,12
1,28,13
1,28,14
1,28,512
1,28,513
1,28,514
1,28,515
1,28,663
1,28,516
1,28,664
1,28,665
1,28,669
0,28,91
1,28,517
1,28,518
1,28,519
1,28,520
1,28,521
1,28,688
1,28,522
1,28,523
1,28,109
1,28,111
1,28,675
1,28,676
1,28,677
0,28,116
1,28,524
1,28,525
1,28,526
1,28,136
1,28,527
1,28,528
1,28,678
1,28,529
1,28,530
1,28,508
0,28,531
1,28,163
1,28,532
1,28,533
1,28,534
1,28,535
1,28,536
1,28,212
0,28,538
1,28,215
1,28,539
1,28,15
1,28,16
1,28,225
1,28,17
1,28,18
1,28,540
1,28,542
1,28,19
1,28,543
1,28,20
1,28,546
1,28,21
1,28,548
1,28,549
1,28,683
1,28,551
1,28,552
1,28,553
0,28,555
1,28,265
1,28,22
1,28,557
1,28,558
1,28,23
1,28,559
1,28,275
0,28,24
1,28,560
1,28,561
1,28,281
1,28,684
1,28,25
1,28,283
1,28,563
1,28,564
1,28,565
1,28,566
1,28,286
1,28,26
1,28,288
0,28,291
1,28,292
1,28,567
1,28,293
1,28,294
1,28,297
0,28,27
1,28,569
1,28,300
1,28,570
1,28,571
1,28,572
1,28,573
1,28,574
1,28,575
1,28,28
1,28,576
0,28,577
1,28,578
1,28,685
0,28,579
1,28,29
1,28,30
1,28,580
1,28,581
1,28,301
1,28,31
1,28,32
1,28,582
0,28,583
0,28,584
1,28,585
1,28,586
1,28,587
1,28,588
1,28,589
1,28,590
1,28,591
1,28,592
1,28,593
1,28,594
1,28,595
1,28,596
0,28,33
1,28,34
1,28,597
1,28,598
1,28,599
0,28,600
1,28,601
1,28,602
1,28,603
1,28,604
1,28,686
0,28,605
1,28,606
1,28,607
1,28,608
0,28,609
0,28,610
1,28,611
1,28,612
0,28,613
0,28,614
0,28,615
1,28,616
0,28,35
1,28,36
1,28,617
1,28,37
0,29,303
1,29,304
0,29,305
1,29,1
1,29,2
1,29,3
1,29,302
0,29,306
1,29,4
1,29,307
1,29,308
1,29,309
1,29,310
1,29,311
1,29,312
0,29,313
1,29,314
1,29,315
0,29,5
0,29,316
1,29,317
1,29,318
0,29,319
1,29,692
0,29,320
0,29,321
1,29,618
1,29,322
0,29,323
1,29,324
1,29,621
0,29,325
1,29,6
0,29,326
1,29,327
1,29,328
1,29,622
1,29,329
0,29,330
1,29,331
1,29,40
0,29,332
1,29,623
1,29,333
0,29,624
0,29,334
0,29,335
1,29,625
1,29,336
1,29,338
1,29,339
0,29,340
0,29,341
1,29,342
0,29,343
0,29,344
0,29,7
1,29,693
0,29,8
1,29,627
0,29,9
0,29,345
0,29,10
0,29,45
1,29,346
0,29,347
1,29,348
1,29,349
1,29,350
0,29,628
0,29,351
1,29,352
1,29,353
1,29,689
1,29,354
0,29,355
0,29,356
1,29,357
1,29,358
1,29,48
1,29,359
1,29,49
0,29,360
0,29,361
1,29,362
0,29,363
0,29,364
1,29,365
1,29,366
1,29,619
1,29,367
1,29,629
1,29,368
1,29,50
0,29,694
1,29,51
1,29,369
1,29,370
0,29,371
1,29,52
0,29,372
0,29,373
1,29,375
0,29,376
1,29,377
0,29,378
1,29,379
0,29,380
0,29,381
0,29,382
1,29,385
1,29,386
1,29,387
1,29,388
1,29,389
1,29,390
1,29,391
1,29,392
1,29,630
0,29,393
0,29,53
0,29,394
0,29,395
0,29,396
1,29,398
0,29,399
1,29,57
0,29,400
1,29,632
1,29,401
0,29,402
1,29,633
0,29,403
0,29,404
1,29,406
1,29,59
1,29,407
0,29,408
1,29,409
0,29,410
0,29,411
1,29,634
1,29,412
1,29,60
1,29,635
1,29,636
1,29,637
1,29,638
1,29,639
1,29,640
1,29,641
1,29,642
1,29,643
1,29,644
1,29,645
1,29,646
1,29,647
1,29,648
1,29,649
1,29,650
1,29,651
1,29,652
1,29,653
1,29,654
0,29,414
0,29,415
1,29,416
0,29,417
1,29,418
1,29,419
1,29,655
1,29,420
1,29,62
1,29,656
1,29,657
0,29,63
1,29,421
1,29,422
0,29,423
1,29,658
0,29,424
1,29,425
0,29,426
0,29,427
1,29,64
1,29,428
1,29,65
1,29,429
0,29,66
1,29,430
1,29,431
1,29,67
1,29,432
0,29,433
1,29,695
1,29,68
0,29,435
1,29,436
0,29,659
1,29,437
1,29,438
1,29,70
0,29,440
0,29,696
1,29,441
0,29,660
1,29,442
1,29,661
0,29,71
0,29,72
1,29,73
1,29,74
1,29,443
0,29,697
0,29,444
1,29,76
0,29,445
1,29,77
1,29,78
0,29,446
1,29,80
0,29,447
1,29,448
0,29,449
1,29,450
1,29,452
0,29,453
0,29,454
0,29,455
1,29,81
1,29,456
1,29,457
0,29,458
0,29,460
1,29,83
0,29,703
0,29,461
1,29,85
0,29,463
1,29,86
1,29,464
1,29,87
0,29,465
0,29,466
1,29,699
1,29,700
1,29,467
1,29,468
1,29,687
0,29,662
1,29,469
1,29,470
1,29,88
0,29,666
0,29,667
0,29,471
1,29,89
1,29,472
1,29,668
0,29,473
0,29,474
1,29,475
1,29,92
1,29,476
0,29,93
1,29,95
1,29,702
1,29,690
1,29,477
1,29,478
1,29,479
1,29,98
0,29,480
0,29,481
1,29,482
1,29,99
1,29,670
1,29,100
1,29,101
0,29,483
0,29,484
1,29,105
1,29,106
1,29,486
0,29,487
0,29,488
1,29,671
0,29,489
1,29,672
1,29,107
1,29,673
1,29,674
0,29,490
1,29,491
1,29,691
1,29,492
1,29,493
1,29,110
1,29,112
1,29,494
1,29,113
1,29,114
1,29,115
0,29,118
1,29,120
0,29,495
1,29,122
1,29,123
1,29,125
1,29,496
1,29,127
1,29,497
1,29,130
1,29,498
1,29,131
0,29,132
0,29,133
1,29,134
0,29,499
0,29,500
0,29,501
1,29,137
1,29,138
1,29,139
0,29,678
1,29,141
0,29,502
1,29,143
1,29,504
1,29,505
0,29,506
1,29,507
1,29,145
0,29,679
1,29,146
1,29,147
1,29,148
1,29,150
1,29,151
1,29,153
1,29,154
1,29,158
1,29,162
1,29,164
0,29,165
1,29,166
0,29,167
0,29,168
1,29,169
1,29,171
1,29,173
1,29,174
1,29,175
1,29,178
0,29,179
1,29,181
1,29,183
0,29,184
1,29,185
1,29,188
0,29,189
1,29,191
1,29,680
1,29,193
1,29,194
1,29,195
0,29,196
1,29,197
1,29,198
1,29,199
1,29,201
1,29,205
1,29,206
1,29,207
0,29,208
0,29,209
1,29,211
1,29,213
1,29,214
1,29,216
1,29,217
1,29,219
0,29,220
1,29,221
1,29,222
0,29,223
1,29,226
1,29,227
1,29,229
1,29,230
1,29,231
1,29,234
1,29,235
1,29,681
1,29,541
1,29,237
1,29,238
1,29,239
1,29,240
1,29,682
1,29,242
1,29,243
1,29,245
0,29,246
0,29,247
1,29,249
0,29,250
1,29,259
1,29,262
1,30,303
1,30,0
1,30,304
1,30,305
0,30,1
0,30,2
1,30,302
1,30,306
1,30,4
1,30,620
1,30,307
1,30,308
1,30,309
1,30,310
1,30,311
1,30,313
0,30,314
1,30,5
1,30,316
1,30,319
1,30,692
1,30,320
1,30,321
1,30,618
1,30,322
0,30,324
1,30,621
1,30,325
1,30,6
1,30,326
1,30,327
1,30,328
1,30,622
0,30,329
1,30,330
1,30,331
1,30,332
1,30,333
1,30,624
1,30,334
1,30,335
1,30,625
1,30,336
1,30,337
1,30,338
1,30,339
1,30,340
1,30,342
1,30,343
1,30,626
1,30,344
1,30,7
1,30,693
1,30,8
1,30,627
1,30,9
1,30,345
1,30,10
1,30,346
1,30,348
1,30,350
0,30,628
1,30,351
1,30,352
1,30,689
1,30,354
1,30,355
1,30,356
1,30,357
0,30,358
1,30,359
1,30,360
1,30,361
1,30,362
1,30,363
1,30,364
1,30,366
1,30,619
1,30,367
1,30,629
1,30,368
1,30,694
1,30,369
1,30,370
1,30,371
1,30,372
1,30,373
1,30,375
1,30,376
1,30,378
1,30,379
1,30,380
1,30,381
1,30,382
1,30,385
1,30,386
1,30,387
1,30,388
1,30,389
1,30,390
1,30,391
1,30,392
1,30,393
1,30,394
1,30,395
1,30,396
1,30,397
1,30,398
1,30,399
1,30,400
1,30,632
1,30,401
1,30,402
1,30,633
1,30,403
1,30,404
1,30,405
1,30,408
1,30,409
1,30,410
1,30,411
1,30,634
1,30,412
1,30,635
1,30,636
1,30,637
1,30,638
1,30,639
1,30,640
1,30,641
1,30,642
1,30,643
1,30,644
1,30,645
1,30,646
1,30,647
1,30,648
1,30,649
1,30,650
1,30,651
1,30,652
1,30,653
1,30,654
1,30,413
1,30,414
0,30,416
1,30,417
1,30,418
1,30,655
1,30,420
1,30,656
1,30,657
1,30,421
1,30,422
1,30,423
1,30,658
1,30,424
1,30,425
1,30,426
1,30,427
1,30,428
1,30,429
1,30,431
0,30,433
1,30,434
1,30,695
1,30,435
1,30,436
1,30,659
1,30,437
1,30,438
1,30,439
1,30,440
1,30,696
0,30,660
1,30,442
1,30,661
1,30,443
1,30,697
1,30,444
1,30,445
1,30,446
1,30,447
0,30,448
1,30,449
1,30,450
1,30,451
1,30,452
1,30,453
1,30,454
1,30,456
1,30,457
1,30,458
1,30,459
1,30,703
1,30,461
1,30,463
1,30,698
1,30,465
1,30,466
1,30,699
1,30,700
1,30,467
1,30,662
1,30,469
1,30,470
1,30,666
1,30,667
1,30,471
1,30,472
1,30,668
1,30,474
1,30,475
1,30,701
1,30,476
1,30,702
1,30,690
1,30,477
1,30,478
1,30,479
1,30,480
1,30,481
1,30,482
1,30,670
0,30,105
1,30,485
1,30,486
1,30,488
1,30,489
0,30,490
1,30,691
1,30,492
1,30,493
1,30,494
1,30,495
1,30,496
1,30,497
1,30,498
0,30,499
0,30,500
1,30,501
1,30,503
1,30,504
1,30,505
1,30,506
1,31,509
1,31,510
1,31,511
1,31,512
1,31,513
1,31,514
1,31,515
1,31,663
1,31,516
1,31,664
1,31,665
1,31,669
1,31,91
1,31,517
1,31,518
1,31,519
1,31,521
0,31,688
1,31,522
1,31,523
1,31,109
1,31,675
1,31,676
1,31,677
1,31,116
1,31,524
1,31,527
1,31,529
1,31,530
1,31,508
1,31,531
0,31,163
1,31,532
1,31,533
1,31,534
1,31,536
1,31,538
1,31,539
1,31,542
1,31,543
1,31,546
1,31,549
1,31,683
1,31,551
1,31,553
1,31,555
0,31,557
1,31,558
0,31,559
0,31,560
1,31,561
1,31,562
1,31,684
1,31,563
1,31,565
1,31,566
0,31,286
1,31,288
1,31,291
1,31,567
0,31,294
1,31,569
0,31,570
1,31,571
1,31,572
1,31,573
1,31,574
0,31,575
1,31,576
1,31,577
1,31,578
1,31,685
1,31,579
1,31,580
1,31,581
1,31,582
1,31,583
1,31,584
1,31,586
0,31,587
1,31,588
1,31,589
1,31,590
1,31,591
1,31,592
0,31,593
1,31,595
1,31,596
1,31,597
1,31,598
0,31,599
1,31,600
1,31,601
1,31,603
1,31,604
1,31,686
1,31,605
1,31,606
1,31,607
1,31,608
1,31,609
1,31,610
1,31,611
1,31,612
0,31,614
0,31,615
1,31,616
1,31,617
