"","Votante","Votacao","Voto"
"1","DjaciFalcao","ID_STF_8",1
"2","DjaciFalcao","ID_STF_9",1
"3","DjaciFalcao","ID_STF_12",1
"4","DjaciFalcao","ID_STF_13",1
"5","DjaciFalcao","ID_STF_14",0
"6","DjaciFalcao","ID_STF_47",1
"7","DjaciFalcao","ID_STF_53",1
"8","DjaciFalcao","ID_STF_55",1
"9","DjaciFalcao","ID_STF_60",1
"10","DjaciFalcao","ID_STF_66",1
"11","DjaciFalcao","ID_STF_78",0
"12","DjaciFalcao","ID_STF_83",1
"13","DjaciFalcao","ID_STF_85",1
"14","DjaciFalcao","ID_STF_87",1
"15","DjaciFalcao","ID_STF_98",0
"16","DjaciFalcao","ID_STF_100",1
"17","DjaciFalcao","ID_STF_104",1
"18","DjaciFalcao","ID_STF_106",1
"19","DjaciFalcao","ID_STF_108",1
"20","DjaciFalcao","ID_STF_112",1
"21","DjaciFalcao","ID_STF_113",1
"22","DjaciFalcao","ID_STF_119",1
"23","DjaciFalcao","ID_STF_120",0
"24","DjaciFalcao","ID_STF_123",1
"25","DjaciFalcao","ID_STF_124",1
"26","DjaciFalcao","ID_STF_125",1
"27","DjaciFalcao","ID_STF_135",1
"28","DjaciFalcao","ID_STF_151",1
"29","DjaciFalcao","ID_STF_162",1
"30","DjaciFalcao","ID_STF_165",1
"31","DjaciFalcao","ID_STF_175",1
"32","DjaciFalcao","ID_STF_176",1
"33","DjaciFalcao","ID_STF_196",1
"34","DjaciFalcao","ID_STF_237",1
"35","DjaciFalcao","ID_STF_247",1
"36","DjaciFalcao","ID_STF_251",1
"37","DjaciFalcao","ID_STF_258",1
"38","DjaciFalcao","ID_STF_278",1
"39","DjaciFalcao","ID_STF_283",1
"40","DjaciFalcao","ID_STF_289",1
"41","DjaciFalcao","ID_STF_296",1
"42","DjaciFalcao","ID_STF_300",1
"43","DjaciFalcao","ID_STF_302",1
"44","DjaciFalcao","ID_STF_305",1
"45","DjaciFalcao","ID_STF_321",1
"46","DjaciFalcao","ID_STF_325",1
"47","DjaciFalcao","ID_STF_331",1
"48","DjaciFalcao","ID_STF_343",1
"49","DjaciFalcao","ID_STF_361",1
"50","DjaciFalcao","ID_STF_372",1
"51","DjaciFalcao","ID_STF_401",1
"52","DjaciFalcao","ID_STF_408",1
"53","DjaciFalcao","ID_STF_422",1
"54","DjaciFalcao","ID_STF_430",1
"55","DjaciFalcao","ID_STF_438",1
"56","DjaciFalcao","ID_STF_471",1
"57","DjaciFalcao","ID_STF_622",1
"58","CordeiroGuerra","ID_STF_8",1
"59","CordeiroGuerra","ID_STF_9",1
"60","CordeiroGuerra","ID_STF_12",1
"61","CordeiroGuerra","ID_STF_13",0
"62","CordeiroGuerra","ID_STF_14",0
"63","CordeiroGuerra","ID_STF_53",0
"64","CordeiroGuerra","ID_STF_55",1
"65","CordeiroGuerra","ID_STF_60",1
"66","CordeiroGuerra","ID_STF_66",1
"67","CordeiroGuerra","ID_STF_78",1
"68","CordeiroGuerra","ID_STF_83",0
"69","CordeiroGuerra","ID_STF_85",1
"70","CordeiroGuerra","ID_STF_87",1
"71","CordeiroGuerra","ID_STF_98",1
"72","CordeiroGuerra","ID_STF_100",0
"73","CordeiroGuerra","ID_STF_108",1
"74","CordeiroGuerra","ID_STF_113",1
"75","CordeiroGuerra","ID_STF_119",1
"76","CordeiroGuerra","ID_STF_123",0
"77","CordeiroGuerra","ID_STF_124",1
"78","CordeiroGuerra","ID_STF_125",1
"79","CordeiroGuerra","ID_STF_162",1
"80","CordeiroGuerra","ID_STF_165",0
"81","CordeiroGuerra","ID_STF_175",1
"82","CordeiroGuerra","ID_STF_237",1
"83","CordeiroGuerra","ID_STF_247",1
"84","MoreiraAlves","ID_STF_8",1
"85","MoreiraAlves","ID_STF_9",1
"86","MoreiraAlves","ID_STF_12",1
"87","MoreiraAlves","ID_STF_13",1
"88","MoreiraAlves","ID_STF_14",0
"89","MoreiraAlves","ID_STF_18",1
"90","MoreiraAlves","ID_STF_47",1
"91","MoreiraAlves","ID_STF_55",1
"92","MoreiraAlves","ID_STF_60",0
"93","MoreiraAlves","ID_STF_66",1
"94","MoreiraAlves","ID_STF_78",1
"95","MoreiraAlves","ID_STF_83",1
"96","MoreiraAlves","ID_STF_85",0
"97","MoreiraAlves","ID_STF_87",1
"98","MoreiraAlves","ID_STF_98",1
"99","MoreiraAlves","ID_STF_100",1
"100","MoreiraAlves","ID_STF_104",1
"101","MoreiraAlves","ID_STF_106",1
"102","MoreiraAlves","ID_STF_108",1
"103","MoreiraAlves","ID_STF_112",1
"104","MoreiraAlves","ID_STF_113",1
"105","MoreiraAlves","ID_STF_119",1
"106","MoreiraAlves","ID_STF_120",0
"107","MoreiraAlves","ID_STF_123",1
"108","MoreiraAlves","ID_STF_124",1
"109","MoreiraAlves","ID_STF_125",1
"110","MoreiraAlves","ID_STF_135",1
"111","MoreiraAlves","ID_STF_151",1
"112","MoreiraAlves","ID_STF_162",1
"113","MoreiraAlves","ID_STF_165",0
"114","MoreiraAlves","ID_STF_175",0
"115","MoreiraAlves","ID_STF_176",1
"116","MoreiraAlves","ID_STF_196",1
"117","MoreiraAlves","ID_STF_247",0
"118","MoreiraAlves","ID_STF_251",1
"119","MoreiraAlves","ID_STF_258",1
"120","MoreiraAlves","ID_STF_278",0
"121","MoreiraAlves","ID_STF_289",1
"122","MoreiraAlves","ID_STF_296",1
"123","MoreiraAlves","ID_STF_300",1
"124","MoreiraAlves","ID_STF_302",1
"125","MoreiraAlves","ID_STF_305",0
"126","MoreiraAlves","ID_STF_308",1
"127","MoreiraAlves","ID_STF_315",1
"128","MoreiraAlves","ID_STF_321",1
"129","MoreiraAlves","ID_STF_325",1
"130","MoreiraAlves","ID_STF_331",1
"131","MoreiraAlves","ID_STF_343",1
"132","MoreiraAlves","ID_STF_351",1
"133","MoreiraAlves","ID_STF_372",1
"134","MoreiraAlves","ID_STF_401",1
"135","MoreiraAlves","ID_STF_408",1
"136","MoreiraAlves","ID_STF_422",1
"137","MoreiraAlves","ID_STF_430",1
"138","MoreiraAlves","ID_STF_438",1
"139","MoreiraAlves","ID_STF_471",1
"140","MoreiraAlves","ID_STF_622",1
"141","SoaresMunoz","ID_STF_8",0
"142","SoaresMunoz","ID_STF_9",0
"143","SoaresMunoz","ID_STF_12",1
"144","SoaresMunoz","ID_STF_13",1
"145","SoaresMunoz","ID_STF_53",1
"146","SoaresMunoz","ID_STF_55",1
"147","SoaresMunoz","ID_STF_60",1
"148","SoaresMunoz","ID_STF_66",1
"149","SoaresMunoz","ID_STF_78",1
"150","SoaresMunoz","ID_STF_83",1
"151","SoaresMunoz","ID_STF_85",1
"152","SoaresMunoz","ID_STF_87",1
"153","SoaresMunoz","ID_STF_98",1
"154","SoaresMunoz","ID_STF_100",0
"155","SoaresMunoz","ID_STF_104",1
"156","SoaresMunoz","ID_STF_106",0
"157","SoaresMunoz","ID_STF_108",1
"158","SoaresMunoz","ID_STF_112",1
"159","SoaresMunoz","ID_STF_113",1
"160","SoaresMunoz","ID_STF_119",1
"161","SoaresMunoz","ID_STF_123",1
"162","SoaresMunoz","ID_STF_124",1
"163","SoaresMunoz","ID_STF_135",1
"164","DecioMiranda","ID_STF_8",1
"165","DecioMiranda","ID_STF_9",1
"166","DecioMiranda","ID_STF_12",0
"167","DecioMiranda","ID_STF_13",1
"168","DecioMiranda","ID_STF_14",1
"169","DecioMiranda","ID_STF_53",1
"170","DecioMiranda","ID_STF_55",0
"171","DecioMiranda","ID_STF_60",1
"172","DecioMiranda","ID_STF_66",1
"173","DecioMiranda","ID_STF_78",1
"174","DecioMiranda","ID_STF_83",1
"175","DecioMiranda","ID_STF_85",0
"176","DecioMiranda","ID_STF_87",1
"177","DecioMiranda","ID_STF_98",1
"178","DecioMiranda","ID_STF_100",1
"179","DecioMiranda","ID_STF_106",1
"180","DecioMiranda","ID_STF_108",1
"181","DecioMiranda","ID_STF_112",0
"182","DecioMiranda","ID_STF_113",1
"183","DecioMiranda","ID_STF_119",1
"184","DecioMiranda","ID_STF_123",0
"185","DecioMiranda","ID_STF_124",0
"186","DecioMiranda","ID_STF_125",1
"187","DecioMiranda","ID_STF_135",0
"188","DecioMiranda","ID_STF_162",1
"189","DecioMiranda","ID_STF_165",0
"190","DecioMiranda","ID_STF_176",0
"191","DecioMiranda","ID_STF_237",1
"192","RafaelMayer","ID_STF_8",1
"193","RafaelMayer","ID_STF_9",1
"194","RafaelMayer","ID_STF_12",1
"195","RafaelMayer","ID_STF_13",1
"196","RafaelMayer","ID_STF_14",1
"197","RafaelMayer","ID_STF_47",0
"198","RafaelMayer","ID_STF_53",1
"199","RafaelMayer","ID_STF_55",0
"200","RafaelMayer","ID_STF_60",1
"201","RafaelMayer","ID_STF_66",1
"202","RafaelMayer","ID_STF_78",1
"203","RafaelMayer","ID_STF_83",1
"204","RafaelMayer","ID_STF_85",1
"205","RafaelMayer","ID_STF_87",0
"206","RafaelMayer","ID_STF_98",1
"207","RafaelMayer","ID_STF_100",1
"208","RafaelMayer","ID_STF_104",1
"209","RafaelMayer","ID_STF_106",1
"210","RafaelMayer","ID_STF_108",1
"211","RafaelMayer","ID_STF_112",1
"212","RafaelMayer","ID_STF_113",1
"213","RafaelMayer","ID_STF_119",1
"214","RafaelMayer","ID_STF_120",0
"215","RafaelMayer","ID_STF_123",1
"216","RafaelMayer","ID_STF_124",1
"217","RafaelMayer","ID_STF_125",1
"218","RafaelMayer","ID_STF_135",1
"219","RafaelMayer","ID_STF_151",0
"220","RafaelMayer","ID_STF_162",1
"221","RafaelMayer","ID_STF_165",1
"222","RafaelMayer","ID_STF_175",1
"223","RafaelMayer","ID_STF_176",1
"224","RafaelMayer","ID_STF_196",1
"225","RafaelMayer","ID_STF_237",1
"226","RafaelMayer","ID_STF_247",1
"227","RafaelMayer","ID_STF_251",1
"228","RafaelMayer","ID_STF_258",1
"229","RafaelMayer","ID_STF_283",1
"230","RafaelMayer","ID_STF_289",1
"231","RafaelMayer","ID_STF_296",0
"232","RafaelMayer","ID_STF_300",1
"233","RafaelMayer","ID_STF_302",1
"234","RafaelMayer","ID_STF_305",1
"235","RafaelMayer","ID_STF_315",1
"236","RafaelMayer","ID_STF_321",0
"237","RafaelMayer","ID_STF_325",1
"238","RafaelMayer","ID_STF_331",1
"239","RafaelMayer","ID_STF_343",1
"240","RafaelMayer","ID_STF_351",1
"241","RafaelMayer","ID_STF_361",1
"242","RafaelMayer","ID_STF_372",1
"243","RafaelMayer","ID_STF_401",1
"244","RafaelMayer","ID_STF_408",1
"245","RafaelMayer","ID_STF_422",1
"246","RafaelMayer","ID_STF_430",0
"247","RafaelMayer","ID_STF_438",1
"248","RafaelMayer","ID_STF_471",1
"249","RafaelMayer","ID_STF_622",1
"250","NeriSilveira","ID_STF_14",0
"251","NeriSilveira","ID_STF_18",0
"252","NeriSilveira","ID_STF_47",0
"253","NeriSilveira","ID_STF_60",1
"254","NeriSilveira","ID_STF_66",0
"255","NeriSilveira","ID_STF_78",1
"256","NeriSilveira","ID_STF_83",1
"257","NeriSilveira","ID_STF_85",1
"258","NeriSilveira","ID_STF_87",0
"259","NeriSilveira","ID_STF_97",1
"260","NeriSilveira","ID_STF_98",1
"261","NeriSilveira","ID_STF_104",0
"262","NeriSilveira","ID_STF_106",1
"263","NeriSilveira","ID_STF_108",1
"264","NeriSilveira","ID_STF_112",0
"265","NeriSilveira","ID_STF_113",1
"266","NeriSilveira","ID_STF_119",1
"267","NeriSilveira","ID_STF_120",0
"268","NeriSilveira","ID_STF_124",0
"269","NeriSilveira","ID_STF_125",1
"270","NeriSilveira","ID_STF_135",0
"271","NeriSilveira","ID_STF_151",1
"272","NeriSilveira","ID_STF_162",0
"273","NeriSilveira","ID_STF_165",1
"274","NeriSilveira","ID_STF_175",0
"275","NeriSilveira","ID_STF_176",1
"276","NeriSilveira","ID_STF_196",1
"277","NeriSilveira","ID_STF_237",1
"278","NeriSilveira","ID_STF_247",0
"279","NeriSilveira","ID_STF_251",0
"280","NeriSilveira","ID_STF_258",1
"281","NeriSilveira","ID_STF_278",1
"282","NeriSilveira","ID_STF_283",0
"283","NeriSilveira","ID_STF_289",1
"284","NeriSilveira","ID_STF_296",0
"285","NeriSilveira","ID_STF_300",0
"286","NeriSilveira","ID_STF_302",1
"287","NeriSilveira","ID_STF_305",1
"288","NeriSilveira","ID_STF_308",1
"289","NeriSilveira","ID_STF_315",0
"290","NeriSilveira","ID_STF_321",1
"291","NeriSilveira","ID_STF_325",1
"292","NeriSilveira","ID_STF_331",1
"293","NeriSilveira","ID_STF_343",1
"294","NeriSilveira","ID_STF_351",1
"295","NeriSilveira","ID_STF_361",1
"296","NeriSilveira","ID_STF_372",1
"297","NeriSilveira","ID_STF_401",1
"298","NeriSilveira","ID_STF_408",1
"299","NeriSilveira","ID_STF_422",1
"300","NeriSilveira","ID_STF_430",0
"301","NeriSilveira","ID_STF_438",1
"302","NeriSilveira","ID_STF_471",1
"303","NeriSilveira","ID_STF_622",1
"304","OscarCorrea","ID_STF_14",1
"305","OscarCorrea","ID_STF_47",0
"306","OscarCorrea","ID_STF_66",0
"307","OscarCorrea","ID_STF_78",0
"308","OscarCorrea","ID_STF_97",0
"309","OscarCorrea","ID_STF_98",0
"310","OscarCorrea","ID_STF_100",1
"311","OscarCorrea","ID_STF_104",0
"312","OscarCorrea","ID_STF_106",1
"313","OscarCorrea","ID_STF_108",0
"314","OscarCorrea","ID_STF_112",1
"315","OscarCorrea","ID_STF_113",0
"316","OscarCorrea","ID_STF_119",0
"317","OscarCorrea","ID_STF_120",1
"318","OscarCorrea","ID_STF_123",1
"319","OscarCorrea","ID_STF_124",1
"320","OscarCorrea","ID_STF_125",0
"321","OscarCorrea","ID_STF_135",1
"322","OscarCorrea","ID_STF_151",1
"323","OscarCorrea","ID_STF_162",1
"324","OscarCorrea","ID_STF_165",1
"325","OscarCorrea","ID_STF_175",1
"326","OscarCorrea","ID_STF_176",0
"327","OscarCorrea","ID_STF_196",1
"328","OscarCorrea","ID_STF_237",1
"329","OscarCorrea","ID_STF_247",1
"330","OscarCorrea","ID_STF_251",1
"331","OscarCorrea","ID_STF_258",1
"332","OscarCorrea","ID_STF_278",1
"333","OscarCorrea","ID_STF_283",1
"334","OscarCorrea","ID_STF_289",1
"335","OscarCorrea","ID_STF_296",1
"336","OscarCorrea","ID_STF_300",1
"337","OscarCorrea","ID_STF_302",1
"338","OscarCorrea","ID_STF_305",1
"339","OscarCorrea","ID_STF_308",1
"340","OscarCorrea","ID_STF_321",1
"341","OscarCorrea","ID_STF_325",0
"342","OscarCorrea","ID_STF_331",1
"343","OscarCorrea","ID_STF_343",1
"344","OscarCorrea","ID_STF_351",1
"345","OscarCorrea","ID_STF_361",1
"346","OscarCorrea","ID_STF_372",0
"347","OscarCorrea","ID_STF_401",1
"348","OscarCorrea","ID_STF_408",0
"349","OscarCorrea","ID_STF_430",1
"350","OscarCorrea","ID_STF_438",0
"351","OscarCorrea","ID_STF_471",1
"352","OscarCorrea","ID_STF_622",1
"353","AldirPassarinho","ID_STF_14",1
"354","AldirPassarinho","ID_STF_18",1
"355","AldirPassarinho","ID_STF_47",1
"356","AldirPassarinho","ID_STF_78",0
"357","AldirPassarinho","ID_STF_97",1
"358","AldirPassarinho","ID_STF_100",1
"359","AldirPassarinho","ID_STF_104",0
"360","AldirPassarinho","ID_STF_112",1
"361","AldirPassarinho","ID_STF_119",1
"362","AldirPassarinho","ID_STF_120",0
"363","AldirPassarinho","ID_STF_124",1
"364","AldirPassarinho","ID_STF_125",1
"365","AldirPassarinho","ID_STF_135",1
"366","AldirPassarinho","ID_STF_151",1
"367","AldirPassarinho","ID_STF_162",1
"368","AldirPassarinho","ID_STF_165",1
"369","AldirPassarinho","ID_STF_175",0
"370","AldirPassarinho","ID_STF_176",1
"371","AldirPassarinho","ID_STF_196",0
"372","AldirPassarinho","ID_STF_237",1
"373","AldirPassarinho","ID_STF_247",1
"374","AldirPassarinho","ID_STF_251",1
"375","AldirPassarinho","ID_STF_258",1
"376","AldirPassarinho","ID_STF_278",1
"377","AldirPassarinho","ID_STF_283",0
"378","AldirPassarinho","ID_STF_289",1
"379","AldirPassarinho","ID_STF_296",1
"380","AldirPassarinho","ID_STF_300",1
"381","AldirPassarinho","ID_STF_302",1
"382","AldirPassarinho","ID_STF_305",1
"383","AldirPassarinho","ID_STF_308",0
"384","AldirPassarinho","ID_STF_321",1
"385","AldirPassarinho","ID_STF_325",1
"386","AldirPassarinho","ID_STF_331",1
"387","AldirPassarinho","ID_STF_343",1
"388","AldirPassarinho","ID_STF_351",1
"389","AldirPassarinho","ID_STF_361",1
"390","AldirPassarinho","ID_STF_372",1
"391","AldirPassarinho","ID_STF_401",0
"392","AldirPassarinho","ID_STF_408",1
"393","AldirPassarinho","ID_STF_422",1
"394","AldirPassarinho","ID_STF_430",1
"395","AldirPassarinho","ID_STF_438",0
"396","AldirPassarinho","ID_STF_471",1
"397","AldirPassarinho","ID_STF_622",0
"398","FranciscoRezek","ID_STF_14",1
"399","FranciscoRezek","ID_STF_18",1
"400","FranciscoRezek","ID_STF_47",1
"401","FranciscoRezek","ID_STF_66",0
"402","FranciscoRezek","ID_STF_100",1
"403","FranciscoRezek","ID_STF_104",1
"404","FranciscoRezek","ID_STF_106",1
"405","FranciscoRezek","ID_STF_108",1
"406","FranciscoRezek","ID_STF_112",1
"407","FranciscoRezek","ID_STF_119",1
"408","FranciscoRezek","ID_STF_120",1
"409","FranciscoRezek","ID_STF_124",1
"410","FranciscoRezek","ID_STF_125",1
"411","FranciscoRezek","ID_STF_135",1
"412","FranciscoRezek","ID_STF_151",1
"413","FranciscoRezek","ID_STF_162",0
"414","FranciscoRezek","ID_STF_165",1
"415","FranciscoRezek","ID_STF_175",1
"416","FranciscoRezek","ID_STF_176",0
"417","FranciscoRezek","ID_STF_196",1
"418","FranciscoRezek","ID_STF_237",0
"419","FranciscoRezek","ID_STF_247",1
"420","FranciscoRezek","ID_STF_251",1
"421","FranciscoRezek","ID_STF_258",1
"422","FranciscoRezek","ID_STF_278",1
"423","FranciscoRezek","ID_STF_283",0
"424","FranciscoRezek","ID_STF_289",0
"425","FranciscoRezek","ID_STF_302",0
"426","FranciscoRezek","ID_STF_308",1
"427","FranciscoRezek","ID_STF_315",1
"428","FranciscoRezek","ID_STF_321",0
"429","FranciscoRezek","ID_STF_325",1
"430","FranciscoRezek","ID_STF_331",0
"431","FranciscoRezek","ID_STF_343",1
"432","FranciscoRezek","ID_STF_361",1
"433","FranciscoRezek","ID_STF_372",1
"434","FranciscoRezek","ID_STF_401",1
"435","FranciscoRezek","ID_STF_408",0
"436","FranciscoRezek","ID_STF_422",0
"437","FranciscoRezek","ID_STF_430",1
"438","FranciscoRezek","ID_STF_438",0
"439","FranciscoRezek","ID_STF_471",1
"440","FranciscoRezek","ID_STF_622",1
"441","SydneySanches","ID_STF_14",1
"442","SydneySanches","ID_STF_18",0
"443","SydneySanches","ID_STF_47",1
"444","SydneySanches","ID_STF_97",1
"445","SydneySanches","ID_STF_120",1
"446","SydneySanches","ID_STF_165",1
"447","SydneySanches","ID_STF_176",1
"448","SydneySanches","ID_STF_196",1
"449","SydneySanches","ID_STF_237",1
"450","SydneySanches","ID_STF_247",1
"451","SydneySanches","ID_STF_251",1
"452","SydneySanches","ID_STF_258",1
"453","SydneySanches","ID_STF_278",1
"454","SydneySanches","ID_STF_283",1
"455","SydneySanches","ID_STF_289",1
"456","SydneySanches","ID_STF_296",0
"457","SydneySanches","ID_STF_300",1
"458","SydneySanches","ID_STF_302",1
"459","SydneySanches","ID_STF_305",1
"460","SydneySanches","ID_STF_308",1
"461","SydneySanches","ID_STF_315",1
"462","SydneySanches","ID_STF_321",1
"463","SydneySanches","ID_STF_325",1
"464","SydneySanches","ID_STF_331",1
"465","SydneySanches","ID_STF_343",0
"466","SydneySanches","ID_STF_351",1
"467","SydneySanches","ID_STF_361",1
"468","SydneySanches","ID_STF_372",1
"469","SydneySanches","ID_STF_401",1
"470","SydneySanches","ID_STF_408",1
"471","SydneySanches","ID_STF_422",1
"472","SydneySanches","ID_STF_430",1
"473","SydneySanches","ID_STF_438",1
"474","SydneySanches","ID_STF_471",1
"475","SydneySanches","ID_STF_622",1
"476","OctavioGallotti","ID_STF_14",1
"477","OctavioGallotti","ID_STF_18",0
"478","OctavioGallotti","ID_STF_47",0
"479","OctavioGallotti","ID_STF_97",1
"480","OctavioGallotti","ID_STF_120",1
"481","OctavioGallotti","ID_STF_165",1
"482","OctavioGallotti","ID_STF_176",0
"483","OctavioGallotti","ID_STF_196",1
"484","OctavioGallotti","ID_STF_237",1
"485","OctavioGallotti","ID_STF_247",1
"486","OctavioGallotti","ID_STF_251",1
"487","OctavioGallotti","ID_STF_258",1
"488","OctavioGallotti","ID_STF_278",1
"489","OctavioGallotti","ID_STF_283",1
"490","OctavioGallotti","ID_STF_289",1
"491","OctavioGallotti","ID_STF_296",0
"492","OctavioGallotti","ID_STF_300",1
"493","OctavioGallotti","ID_STF_302",1
"494","OctavioGallotti","ID_STF_305",1
"495","OctavioGallotti","ID_STF_308",1
"496","OctavioGallotti","ID_STF_315",1
"497","OctavioGallotti","ID_STF_321",0
"498","OctavioGallotti","ID_STF_325",1
"499","OctavioGallotti","ID_STF_331",1
"500","OctavioGallotti","ID_STF_343",0
"501","OctavioGallotti","ID_STF_351",1
"502","OctavioGallotti","ID_STF_361",1
"503","OctavioGallotti","ID_STF_372",1
"504","OctavioGallotti","ID_STF_401",1
"505","OctavioGallotti","ID_STF_408",0
"506","OctavioGallotti","ID_STF_422",0
"507","OctavioGallotti","ID_STF_430",0
"508","OctavioGallotti","ID_STF_438",0
"509","OctavioGallotti","ID_STF_471",1
"510","OctavioGallotti","ID_STF_622",1
"511","CarlosMadeira","ID_STF_18",1
"512","CarlosMadeira","ID_STF_47",1
"513","CarlosMadeira","ID_STF_97",1
"514","CarlosMadeira","ID_STF_120",1
"515","CarlosMadeira","ID_STF_196",1
"516","CarlosMadeira","ID_STF_251",1
"517","CarlosMadeira","ID_STF_258",1
"518","CarlosMadeira","ID_STF_278",1
"519","CarlosMadeira","ID_STF_283",1
"520","CarlosMadeira","ID_STF_289",1
"521","CarlosMadeira","ID_STF_296",1
"522","CarlosMadeira","ID_STF_300",1
"523","CarlosMadeira","ID_STF_302",1
"524","CarlosMadeira","ID_STF_308",1
"525","CarlosMadeira","ID_STF_315",1
"526","CarlosMadeira","ID_STF_321",0
"527","CarlosMadeira","ID_STF_325",1
"528","CarlosMadeira","ID_STF_331",1
"529","CarlosMadeira","ID_STF_351",1
"530","CarlosMadeira","ID_STF_361",1
"531","CarlosMadeira","ID_STF_372",1
"532","CarlosMadeira","ID_STF_401",1
"533","CarlosMadeira","ID_STF_408",0
"534","CarlosMadeira","ID_STF_422",1
"535","CarlosMadeira","ID_STF_430",1
"536","CarlosMadeira","ID_STF_438",1
"537","CarlosMadeira","ID_STF_471",0
"538","CarlosMadeira","ID_STF_622",1
"539","CelioBorja","ID_STF_18",1
"540","CelioBorja","ID_STF_97",0
"541","CelioBorja","ID_STF_120",1
"542","CelioBorja","ID_STF_251",1
"543","CelioBorja","ID_STF_258",0
"544","CelioBorja","ID_STF_278",0
"545","CelioBorja","ID_STF_283",1
"546","CelioBorja","ID_STF_289",1
"547","CelioBorja","ID_STF_296",1
"548","CelioBorja","ID_STF_300",1
"549","CelioBorja","ID_STF_302",1
"550","CelioBorja","ID_STF_308",1
"551","CelioBorja","ID_STF_315",1
"552","CelioBorja","ID_STF_321",0
"553","CelioBorja","ID_STF_325",1
"554","CelioBorja","ID_STF_331",1
"555","CelioBorja","ID_STF_343",0
"556","CelioBorja","ID_STF_351",0
"557","CelioBorja","ID_STF_361",0
"558","CelioBorja","ID_STF_372",1
"559","CelioBorja","ID_STF_401",1
"560","CelioBorja","ID_STF_408",0
"561","CelioBorja","ID_STF_422",0
"562","CelioBorja","ID_STF_430",1
"563","CelioBorja","ID_STF_438",0
"564","CelioBorja","ID_STF_471",1
"565","CelioBorja","ID_STF_622",1
